ARI,,,,,,,,,,,,,,,,,,,,,,,,,,,,,,,,,,,,,,,,,,,,,,,,,,,,,,,,,,,,,,,,,,,,,,,,,,,,,,,,,,,,,,,,,,,,,,,,,,,,,,,,,,,,,,,,,,,,,,,,,,,,,,,,,,,,,,,,,,,,,,,,,,,,,,,,,,,,,,,,,,,,,,,,,,,,,,,,,,,
ARI,@ L.A. Dodgers/Mar 30,@ L.A. Dodgers/Mar 31,@ L.A. Dodgers/Apr 1,@ L.A. Dodgers/Apr 2,@ San Diego/Apr 3,@ San Diego/Apr 4,,vs L.A. Dodgers/Apr 6,vs L.A. Dodgers/Apr 7,vs L.A. Dodgers/Apr 8,vs L.A. Dodgers/Apr 9,vs Milwaukee/Apr 10,vs Milwaukee/Apr 11,vs Milwaukee/Apr 12,,@ Miami/Apr 14,@ Miami/Apr 15,@ Miami/Apr 16,@ St. Louis/Apr 17,@ St. Louis/Apr 18,@ St. Louis/Apr 19,vs San Diego/Apr 20,vs San Diego/Apr 21,vs San Diego/Apr 22,vs San Diego/Apr 23,vs Kansas City/Apr 24,vs Kansas City/Apr 25,vs Kansas City/Apr 26,,@ Colorado/Apr 28,@ Colorado/Apr 29,@ Colorado/Apr 30,,@ Texas/May 2,@ Texas/May 3,,vs Washington/May 5,vs Washington/May 6,vs Washington/May 7,vs Miami/May 8,vs Miami/May 9,vs Miami/May 10,vs San Francisco/May 11,vs San Francisco/May 12,vs San Francisco/May 13,vs San Francisco/May 14,@ Oakland/May 15,@ Oakland/May 16,@ Oakland/May 17,,@ Pittsburgh/May 19,@ Pittsburgh/May 20,@ Pittsburgh/May 21,@ Philadelphia/May 22,@ Philadelphia/May 23,@ Philadelphia/May 24,,vs Boston/May 26,vs Boston/May 27,vs Boston/May 28,vs Colorado/May 29,vs Colorado/May 30,vs Colorado/May 31,vs Colorado/Jun 1,vs Atlanta/Jun 2,vs Atlanta/Jun 3,vs Atlanta/Jun 4,,@ Washington/Jun 6,@ Washington/Jun 7,@ Washington/Jun 8,@ Detroit/Jun 9,@ Detroit/Jun 10,@ Detroit/Jun 11,vs Philadelphia/Jun 12,vs Philadelphia/Jun 13,vs Philadelphia/Jun 14,vs Philadelphia/Jun 15,vs Cleveland/Jun 16,vs Cleveland/Jun 17,vs Cleveland/Jun 18,@ Milwaukee/Jun 19,@ Milwaukee/Jun 20,@ Milwaukee/Jun 21,,@ San Francisco/Jun 23,@ San Francisco/Jun 24,@ San Francisco/Jun 25,vs Tampa Bay/Jun 27,vs Tampa Bay/Jun 28,vs Tampa Bay/Jun 29,,@ L.A. Angels/Jun 30,@ L.A. Angels/Jul 1,@ L.A. Angels/Jul 2,,vs N.Y. Mets/Jul 4,vs N.Y. Mets/Jul 5,vs N.Y. Mets/Jul 6,vs Pittsburgh/Jul 7,vs Pittsburgh/Jul 8,vs Pittsburgh/Jul 9,@ Toronto/Jul 14,@ Toronto/Jul 15,@ Toronto/Jul 16,,@ Atlanta/Jul 18,@ Atlanta/Jul 19,@ Atlanta/Jul 20,@ Cincinnati/Jul 21,@ Cincinnati/Jul 22,@ Cincinnati/Jul 23,vs St. Louis/Jul 24,vs St. Louis/Jul 25,vs St. Louis/Jul 26,,vs Seattle/Jul 28,vs Seattle/Jul 29,vs Seattle/Jul 30,@ San Francisco/Jul 31,@ San Francisco/Aug 1,@ San Francisco/Aug 2,@ San Francisco/Aug 3,@ Minnesota/Aug 4,@ Minnesota/Aug 5,@ Minnesota/Aug 6,,vs L.A. Dodgers/Aug 8,vs L.A. Dodgers/Aug 9,,vs San Diego/Aug 11,vs San Diego/Aug 12,vs San Diego/Aug 13,@ Colorado/Aug 14,@ Colorado/Aug 15,@ Colorado/Aug 16,@ San Diego/Aug 17,@ San Diego/Aug 18,@ San Diego/Aug 19,@ San Diego/Aug 20,vs Texas/Aug 21,vs Texas/Aug 22,vs Cincinnati/Aug 24,vs Cincinnati/Aug 25,vs Cincinnati/Aug 26,vs Cincinnati/Aug 27,@ L.A. Dodgers/Aug 28,@ L.A. Dodgers/Aug 29,@ L.A. Dodgers/Aug 30,vs Baltimore/Sep 1,vs Baltimore/Sep 2,vs Baltimore/Sep 3,vs Colorado/Sep 4,vs Colorado/Sep 5,vs Colorado/Sep 6,@ Chi. Cubs/Sep 7,@ Chi. Cubs/Sep 8,@ Chi. Cubs/Sep 9,@ Chi. Cubs/Sep 10,@ N.Y. Mets/Sep 11,@ N.Y. Mets/Sep 12,@ N.Y. Mets/Sep 13,@ N.Y. Mets/Sep 14,vs Chi. Cubs/Sep 15,vs Chi. Cubs/Sep 16,vs Chi. Cubs/Sep 17,vs San Francisco/Sep 19,vs San Francisco/Sep 20,@ N.Y. Yankees/Sep 22,@ N.Y. Yankees/Sep 23,@ N.Y. Yankees/Sep 24,@ Chi. White Sox/Sep 25,@ Chi. White Sox/Sep 26,@ Chi. White Sox/Sep 27,vs Houston/Sep 29,vs Houston/Sep 30,vs Houston/Oct 1,,
ATL,,,,,,,,,,,,,,,,,,,,,,,,,,,,,,,,,,,,,,,,,,,,,,,,,,,,,,,,,,,,,,,,,,,,,,,,,,,,,,,,,,,,,,,,,,,,,,,,,,,,,,,,,,,,,,,,,,,,,,,,,,,,,,,,,,,,,,,,,,,,,,,,,,,,,,,,,,,,,,,,,,,,,,,,,,,,,,,,,,,
ATL,@ Washington/Mar 30,,@ Washington/Apr 1,@ Washington/Apr 2,@ St. Louis/Apr 3,@ St. Louis/Apr 4,@ St. Louis/Apr 5,vs San Diego/Apr 6,vs San Diego/Apr 7,vs San Diego/Apr 8,vs San Diego/Apr 9,vs Cincinnati/Apr 10,vs Cincinnati/Apr 11,vs Cincinnati/Apr 12,,@ Kansas City/Apr 14,@ Kansas City/Apr 15,@ Kansas City/Apr 16,@ San Diego/Apr 17,@ San Diego/Apr 18,@ San Diego/Apr 19,,vs Houston/Apr 21,vs Houston/Apr 22,vs Houston/Apr 23,vs Miami/Apr 24,vs Miami/Apr 25,vs Miami/Apr 26,vs Miami/Apr 27,@ N.Y. Mets/Apr 28,@ N.Y. Mets/Apr 29,@ N.Y. Mets/Apr 30,@ N.Y. Mets/May 1,@ Miami/May 2,@ Miami/May 3,@ Miami/May 4,vs Baltimore/May 5,vs Baltimore/May 6,vs Baltimore/May 7,,vs Boston/May 9,vs Boston/May 10,,@ Toronto/May 12,@ Toronto/May 13,@ Toronto/May 14,@ Texas/May 15,@ Texas/May 16,@ Texas/May 17,,vs Seattle/May 19,vs Seattle/May 20,vs Seattle/May 21,vs L.A. Dodgers/May 22,vs L.A. Dodgers/May 23,vs L.A. Dodgers/May 24,vs Philadelphia/May 25,vs Philadelphia/May 26,vs Philadelphia/May 27,vs Philadelphia/May 28,@ Oakland/May 29,@ Oakland/May 30,@ Oakland/May 31,,@ Arizona/Jun 2,@ Arizona/Jun 3,@ Arizona/Jun 4,,vs N.Y. Mets/Jun 6,vs N.Y. Mets/Jun 7,vs N.Y. Mets/Jun 8,vs Washington/Jun 9,vs Washington/Jun 10,vs Washington/Jun 11,@ Detroit/Jun 12,@ Detroit/Jun 13,@ Detroit/Jun 14,vs Colorado/Jun 15,vs Colorado/Jun 16,vs Colorado/Jun 17,vs Colorado/Jun 18,,@ Philadelphia/Jun 20,@ Philadelphia/Jun 21,@ Philadelphia/Jun 22,@ Cincinnati/Jun 23,@ Cincinnati/Jun 24,@ Cincinnati/Jun 25,vs Minnesota/Jun 26,vs Minnesota/Jun 27,vs Minnesota/Jun 28,,vs Miami/Jun 30,vs Miami/Jul 1,vs Miami/Jul 2,@ Cleveland/Jul 3,@ Cleveland/Jul 4,@ Cleveland/Jul 5,,@ Tampa Bay/Jul 7,@ Tampa Bay/Jul 8,@ Tampa Bay/Jul 9,vs Chi. White Sox/Jul 14,vs Chi. White Sox/Jul 15,vs Chi. White Sox/Jul 16,,vs Arizona/Jul 18,vs Arizona/Jul 19,vs Arizona/Jul 20,@ Milwaukee/Jul 21,@ Milwaukee/Jul 22,@ Milwaukee/Jul 23,,@ Boston/Jul 25,@ Boston/Jul 26,,vs Milwaukee/Jul 28,vs Milwaukee/Jul 29,vs Milwaukee/Jul 30,vs L.A. Angels/Jul 31,vs L.A. Angels/Aug 1,vs L.A. Angels/Aug 2,,@ Chi. Cubs/Aug 4,@ Chi. Cubs/Aug 5,@ Chi. Cubs/Aug 6,@ Pittsburgh/Aug 7,@ Pittsburgh/Aug 8,@ Pittsburgh/Aug 9,@ Pittsburgh/Aug 10,@ N.Y. Mets/Aug 11,@ N.Y. Mets/Aug 12,@ N.Y. Mets/Aug 13,vs N.Y. Yankees/Aug 14,vs N.Y. Yankees/Aug 15,vs N.Y. Yankees/Aug 16,,vs San Francisco/Aug 18,vs San Francisco/Aug 19,vs San Francisco/Aug 20,vs N.Y. Mets/Aug 21,vs N.Y. Mets/Aug 22,vs N.Y. Mets/Aug 23,@ San Francisco/Aug 25,@ San Francisco/Aug 26,@ San Francisco/Aug 27,@ Colorado/Aug 28,@ Colorado/Aug 29,@ Colorado/Aug 30,@ L.A. Dodgers/Aug 31,@ L.A. Dodgers/Sep 1,@ L.A. Dodgers/Sep 2,@ L.A. Dodgers/Sep 3,vs St. Louis/Sep 5,vs St. Louis/Sep 6,vs St. Louis/Sep 7,vs Pittsburgh/Sep 8,vs Pittsburgh/Sep 9,vs Pittsburgh/Sep 10,@ Philadelphia/Sep 12,@ Philadelphia/Sep 13,@ Philadelphia/Sep 14,@ Miami/Sep 15,@ Miami/Sep 16,@ Miami/Sep 17,vs Philadelphia/Sep 18,vs Philadelphia/Sep 19,vs Philadelphia/Sep 20,@ Washington/Sep 21,@ Washington/Sep 22,@ Washington/Sep 23,@ Washington/Sep 24,vs Chi. Cubs/Sep 26,vs Chi. Cubs/Sep 27,vs Chi. Cubs/Sep 28,vs Washington/Sep 29,vs Washington/Sep 30,vs Washington/Oct 1,
BAL,,,,,,,,,,,,,,,,,,,,,,,,,,,,,,,,,,,,,,,,,,,,,,,,,,,,,,,,,,,,,,,,,,,,,,,,,,,,,,,,,,,,,,,,,,,,,,,,,,,,,,,,,,,,,,,,,,,,,,,,,,,,,,,,,,,,,,,,,,,,,,,,,,,,,,,,,,,,,,,,,,,,,,,,,,,,,,,,,,,
BAL,@ Boston/Mar 30,,@ Boston/Apr 1,@ Boston/Apr 2,@ Texas/Apr 3,@ Texas/Apr 4,@ Texas/Apr 5,vs N.Y. Yankees/Apr 6,,vs N.Y. Yankees/Apr 8,vs N.Y. Yankees/Apr 9,vs Oakland/Apr 10,vs Oakland/Apr 11,vs Oakland/Apr 12,vs Oakland/Apr 13,@ Chi. White Sox/Apr 14,@ Chi. White Sox/Apr 15,@ Chi. White Sox/Apr 16,,@ Washington/Apr 18,@ Washington/Apr 19,,vs Detroit/Apr 21,vs Detroit/Apr 22,vs Detroit/Apr 23,vs Boston/Apr 24,vs Boston/Apr 25,vs Boston/Apr 26,@ Detroit/Apr 27,@ Detroit/Apr 28,@ Detroit/Apr 29,@ Detroit/Apr 30,,@ Kansas City/May 2,@ Kansas City/May 3,@ Kansas City/May 4,@ Atlanta/May 5,@ Atlanta/May 6,@ Atlanta/May 7,vs Tampa Bay/May 8,vs Tampa Bay/May 9,vs Tampa Bay/May 10,,vs Pittsburgh/May 12,vs Pittsburgh/May 13,vs Pittsburgh/May 14,vs L.A. Angels/May 15,vs L.A. Angels/May 16,vs L.A. Angels/May 17,vs L.A. Angels/May 18,@ Toronto/May 19,@ Toronto/May 20,@ Toronto/May 21,,@ N.Y. Yankees/May 23,@ N.Y. Yankees/May 24,@ N.Y. Yankees/May 25,vs Texas/May 26,vs Texas/May 27,vs Texas/May 28,vs Cleveland/May 29,vs Cleveland/May 30,vs Cleveland/May 31,,@ San Francisco/Jun 2,@ San Francisco/Jun 3,@ San Francisco/Jun 4,,@ Milwaukee/Jun 6,@ Milwaukee/Jun 7,@ Milwaukee/Jun 8,vs Kansas City/Jun 9,vs Kansas City/Jun 10,vs Kansas City/Jun 11,,vs Toronto/Jun 13,vs Toronto/Jun 14,vs Toronto/Jun 15,@ Chi. Cubs/Jun 16,@ Chi. Cubs/Jun 17,@ Chi. Cubs/Jun 18,,@ Tampa Bay/Jun 20,@ Tampa Bay/Jun 21,,vs Seattle/Jun 23,vs Seattle/Jun 24,vs Seattle/Jun 25,vs Cincinnati/Jun 26,vs Cincinnati/Jun 27,vs Cincinnati/Jun 28,,vs Minnesota/Jun 30,vs Minnesota/Jul 1,vs Minnesota/Jul 2,@ N.Y. Yankees/Jul 3,@ N.Y. Yankees/Jul 4,@ N.Y. Yankees/Jul 5,@ N.Y. Yankees/Jul 6,@ Minnesota/Jul 7,@ Minnesota/Jul 8,@ Minnesota/Jul 9,vs Miami/Jul 14,vs Miami/Jul 15,vs Miami/Jul 16,vs L.A. Dodgers/Jul 17,vs L.A. Dodgers/Jul 18,vs L.A. Dodgers/Jul 19,@ Tampa Bay/Jul 20,@ Tampa Bay/Jul 21,@ Tampa Bay/Jul 22,@ Tampa Bay/Jul 23,@ Philadelphia/Jul 24,@ Philadelphia/Jul 25,@ Philadelphia/Jul 26,,vs N.Y. Yankees/Jul 28,vs N.Y. Yankees/Jul 29,vs N.Y. Yankees/Jul 30,@ Toronto/Jul 31,@ Toronto/Aug 1,@ Toronto/Aug 2,@ Toronto/Aug 3,vs N.Y. Mets/Aug 4,vs N.Y. Mets/Aug 5,vs N.Y. Mets/Aug 6,,vs Houston/Aug 8,vs Houston/Aug 9,vs Houston/Aug 10,@ Seattle/Aug 11,@ Seattle/Aug 12,@ Seattle/Aug 13,@ San Diego/Aug 14,@ San Diego/Aug 15,@ San Diego/Aug 16,,@ Oakland/Aug 18,@ Oakland/Aug 19,@ Oakland/Aug 20,vs Toronto/Aug 22,vs Toronto/Aug 23,vs Toronto/Aug 24,vs Colorado/Aug 25,vs Colorado/Aug 26,vs Colorado/Aug 27,vs Chi. White Sox/Aug 28,vs Chi. White Sox/Aug 29,vs Chi. White Sox/Aug 30,@ Arizona/Sep 1,@ Arizona/Sep 2,@ Arizona/Sep 3,@ L.A. Angels/Sep 4,@ L.A. Angels/Sep 5,@ L.A. Angels/Sep 6,@ Boston/Sep 8,@ Boston/Sep 9,@ Boston/Sep 10,vs St. Louis/Sep 11,vs St. Louis/Sep 12,vs St. Louis/Sep 13,vs Tampa Bay/Sep 14,vs Tampa Bay/Sep 15,vs Tampa Bay/Sep 16,vs Tampa Bay/Sep 17,@ Houston/Sep 18,@ Houston/Sep 19,@ Houston/Sep 20,@ Cleveland/Sep 21,@ Cleveland/Sep 22,@ Cleveland/Sep 23,@ Cleveland/Sep 24,vs Washington/Sep 26,vs Washington/Sep 27,vs Boston/Sep 28,vs Boston/Sep 29,vs Boston/Sep 30,vs Boston/Oct 1,
BOS,,,,,,,,,,,,,,,,,,,,,,,,,,,,,,,,,,,,,,,,,,,,,,,,,,,,,,,,,,,,,,,,,,,,,,,,,,,,,,,,,,,,,,,,,,,,,,,,,,,,,,,,,,,,,,,,,,,,,,,,,,,,,,,,,,,,,,,,,,,,,,,,,,,,,,,,,,,,,,,,,,,,,,,,,,,,,,,,,,,
BOS,vs Baltimore/Mar 30,,vs Baltimore/Apr 1,vs Baltimore/Apr 2,vs Pittsburgh/Apr 3,vs Pittsburgh/Apr 4,vs Pittsburgh/Apr 5,@ Detroit/Apr 6,,@ Detroit/Apr 8,@ Detroit/Apr 9,@ Tampa Bay/Apr 10,@ Tampa Bay/Apr 11,@ Tampa Bay/Apr 12,@ Tampa Bay/Apr 13,vs L.A. Angels/Apr 14,vs L.A. Angels/Apr 15,vs L.A. Angels/Apr 16,vs L.A. Angels/Apr 17,vs Minnesota/Apr 18,vs Minnesota/Apr 19,vs Minnesota/Apr 20,@ Milwaukee/Apr 21,@ Milwaukee/Apr 22,@ Milwaukee/Apr 23,@ Baltimore/Apr 24,@ Baltimore/Apr 25,@ Baltimore/Apr 26,,vs Cleveland/Apr 28,vs Cleveland/Apr 29,vs Cleveland/Apr 30,vs Toronto/May 1,vs Toronto/May 2,vs Toronto/May 3,vs Toronto/May 4,@ Philadelphia/May 5,@ Philadelphia/May 6,@ Philadelphia/May 7,,@ Atlanta/May 9,@ Atlanta/May 10,,vs St. Louis/May 12,vs St. Louis/May 13,vs St. Louis/May 14,vs Seattle/May 15,vs Seattle/May 16,vs Seattle/May 17,,@ San Diego/May 19,@ San Diego/May 20,@ San Diego/May 21,@ L.A. Angels/May 22,@ L.A. Angels/May 23,@ L.A. Angels/May 24,,@ Arizona/May 26,@ Arizona/May 27,@ Arizona/May 28,,vs Cincinnati/May 30,vs Cincinnati/May 31,vs Cincinnati/Jun 1,vs Tampa Bay/Jun 2,vs Tampa Bay/Jun 3 (DH),vs Tampa Bay/Jun 4,,@ Cleveland/Jun 6,@ Cleveland/Jun 7,@ Cleveland/Jun 8,@ N.Y. Yankees/Jun 9,@ N.Y. Yankees/Jun 10,@ N.Y. Yankees/Jun 11,vs Colorado/Jun 12,vs Colorado/Jun 13,vs Colorado/Jun 14,,vs N.Y. Yankees/Jun 16,vs N.Y. Yankees/Jun 17,vs N.Y. Yankees/Jun 18,@ Minnesota/Jun 19,@ Minnesota/Jun 20,@ Minnesota/Jun 21,@ Minnesota/Jun 22,@ Chi. White Sox/Jun 23,@ Chi. White Sox/Jun 24,@ Chi. White Sox/Jun 25,,vs Miami/Jun 27,vs Miami/Jun 28,vs Miami/Jun 29,@ Toronto/Jun 30,@ Toronto/Jul 1,@ Toronto/Jul 2,,vs Texas/Jul 4,vs Texas/Jul 5,vs Texas/Jul 6,vs Oakland/Jul 7,vs Oakland/Jul 8,vs Oakland/Jul 9,@ Chi. Cubs/Jul 14,@ Chi. Cubs/Jul 15,@ Chi. Cubs/Jul 16,@ Oakland/Jul 17,@ Oakland/Jul 18,@ Oakland/Jul 19,,vs N.Y. Mets/Jul 21,vs N.Y. Mets/Jul 22,vs N.Y. Mets/Jul 23,,vs Atlanta/Jul 25,vs Atlanta/Jul 26,,@ San Francisco/Jul 28,@ San Francisco/Jul 29,@ San Francisco/Jul 30,@ Seattle/Jul 31,@ Seattle/Aug 1,@ Seattle/Aug 2,,vs Toronto/Aug 4,vs Toronto/Aug 5,vs Toronto/Aug 6,vs Kansas City/Aug 7,vs Kansas City/Aug 8,vs Kansas City/Aug 9,vs Kansas City/Aug 10,vs Detroit/Aug 11,vs Detroit/Aug 12,vs Detroit/Aug 13,,@ Washington/Aug 15,@ Washington/Aug 16,@ Washington/Aug 17,@ N.Y. Yankees/Aug 18,@ N.Y. Yankees/Aug 19,@ N.Y. Yankees/Aug 20,@ Houston/Aug 21,@ Houston/Aug 22,@ Houston/Aug 23,@ Houston/Aug 24,vs L.A. Dodgers/Aug 25,vs L.A. Dodgers/Aug 26,vs L.A. Dodgers/Aug 27,vs Houston/Aug 28,vs Houston/Aug 29,vs Houston/Aug 30,@ Kansas City/Sep 1,@ Kansas City/Sep 2,@ Kansas City/Sep 3,@ Tampa Bay/Sep 4,@ Tampa Bay/Sep 5,@ Tampa Bay/Sep 6,vs Baltimore/Sep 8,vs Baltimore/Sep 9,vs Baltimore/Sep 10,vs N.Y. Yankees/Sep 11,vs N.Y. Yankees/Sep 12,vs N.Y. Yankees/Sep 13,vs N.Y. Yankees/Sep 14,@ Toronto/Sep 15,@ Toronto/Sep 16,@ Toronto/Sep 17,@ Texas/Sep 18,@ Texas/Sep 19,@ Texas/Sep 20,vs Chi. White Sox/Sep 22,vs Chi. White Sox/Sep 23,vs Chi. White Sox/Sep 24,vs Tampa Bay/Sep 26,vs Tampa Bay/Sep 27,@ Baltimore/Sep 28,@ Baltimore/Sep 29,@ Baltimore/Sep 30,@ Baltimore/Oct 1,
CHC,,,,,,,,,,,,,,,,,,,,,,,,,,,,,,,,,,,,,,,,,,,,,,,,,,,,,,,,,,,,,,,,,,,,,,,,,,,,,,,,,,,,,,,,,,,,,,,,,,,,,,,,,,,,,,,,,,,,,,,,,,,,,,,,,,,,,,,,,,,,,,,,,,,,,,,,,,,,,,,,,,,,,,,,,,,,,,,,,,,
CHC,vs Milwaukee/Mar 30,,vs Milwaukee/Apr 1,vs Milwaukee/Apr 2,@ Cincinnati/Apr 3,@ Cincinnati/Apr 4,@ Cincinnati/Apr 5,,vs Texas/Apr 7,vs Texas/Apr 8,vs Texas/Apr 9,vs Seattle/Apr 10,vs Seattle/Apr 11,vs Seattle/Apr 12,,@ L.A. Dodgers/Apr 14,@ L.A. Dodgers/Apr 15,@ L.A. Dodgers/Apr 16,@ Oakland/Apr 17,@ Oakland/Apr 18,@ Oakland/Apr 19,vs L.A. Dodgers/Apr 20,vs L.A. Dodgers/Apr 21,vs L.A. Dodgers/Apr 22,vs L.A. Dodgers/Apr 23,,vs San Diego/Apr 25,vs San Diego/Apr 26,vs San Diego/Apr 27,@ Miami/Apr 28,@ Miami/Apr 29,@ Miami/Apr 30,@ Washington/May 1,@ Washington/May 2,@ Washington/May 3,@ Washington/May 4,vs Miami/May 5,vs Miami/May 6,vs Miami/May 7,vs St. Louis/May 8,vs St. Louis/May 9,vs St. Louis/May 10,,@ Minnesota/May 12,@ Minnesota/May 13,@ Minnesota/May 14,@ Houston/May 15,@ Houston/May 16,@ Houston/May 17,,@ Philadelphia/May 19,@ Philadelphia/May 20,@ Philadelphia/May 21,,vs N.Y. Mets/May 23,vs N.Y. Mets/May 24,vs N.Y. Mets/May 25,vs Cincinnati/May 26,vs Cincinnati/May 27,vs Cincinnati/May 28,vs Tampa Bay/May 29,vs Tampa Bay/May 30,vs Tampa Bay/May 31,,@ San Diego/Jun 2,@ San Diego/Jun 3,@ San Diego/Jun 4,@ San Diego/Jun 5,@ L.A. Angels/Jun 6,@ L.A. Angels/Jun 7,@ L.A. Angels/Jun 8,@ San Francisco/Jun 9,@ San Francisco/Jun 10,@ San Francisco/Jun 11,,vs Pittsburgh/Jun 13,vs Pittsburgh/Jun 14,vs Pittsburgh/Jun 15,vs Baltimore/Jun 16,vs Baltimore/Jun 17,vs Baltimore/Jun 18,@ Pittsburgh/Jun 19,@ Pittsburgh/Jun 20,@ Pittsburgh/Jun 21,,,@ St. Louis/Jun 24,@ St. Louis/Jun 25,,vs Philadelphia/Jun 27,vs Philadelphia/Jun 28,vs Philadelphia/Jun 29,vs Cleveland/Jun 30,vs Cleveland/Jul 1,vs Cleveland/Jul 2,@ Milwaukee/Jul 3,@ Milwaukee/Jul 4,@ Milwaukee/Jul 5,@ Milwaukee/Jul 6,@ N.Y. Yankees/Jul 7,@ N.Y. Yankees/Jul 8,@ N.Y. Yankees/Jul 9,vs Boston/Jul 14,vs Boston/Jul 15,vs Boston/Jul 16,vs Washington/Jul 17,vs Washington/Jul 18,vs Washington/Jul 19,vs St. Louis/Jul 20,vs St. Louis/Jul 21,vs St. Louis/Jul 22,vs St. Louis/Jul 23,,@ Chi. White Sox/Jul 25,@ Chi. White Sox/Jul 26,@ St. Louis/Jul 27,@ St. Louis/Jul 28,@ St. Louis/Jul 29,@ St. Louis/Jul 30,vs Cincinnati/Jul 31,vs Cincinnati/Aug 1,vs Cincinnati/Aug 2,vs Cincinnati/Aug 3,vs Atlanta/Aug 4,vs Atlanta/Aug 5,vs Atlanta/Aug 6,@ N.Y. Mets/Aug 7,@ N.Y. Mets/Aug 8,@ N.Y. Mets/Aug 9,,@ Toronto/Aug 11,@ Toronto/Aug 12,@ Toronto/Aug 13,,vs Chi. White Sox/Aug 15,vs Chi. White Sox/Aug 16,,vs Kansas City/Aug 18,vs Kansas City/Aug 19,vs Kansas City/Aug 20,@ Detroit/Aug 21,@ Detroit/Aug 22,@ Detroit/Aug 23,@ Pittsburgh/Aug 24,@ Pittsburgh/Aug 25,@ Pittsburgh/Aug 26,@ Pittsburgh/Aug 27,vs Milwaukee/Aug 28,vs Milwaukee/Aug 29,vs Milwaukee/Aug 30,@ Cincinnati/Sep 1,@ Cincinnati/Sep 2,@ Cincinnati/Sep 3,vs San Francisco/Sep 4,vs San Francisco/Sep 5,vs San Francisco/Sep 6,vs Arizona/Sep 7,vs Arizona/Sep 8,vs Arizona/Sep 9,vs Arizona/Sep 10,@ Colorado/Sep 11,@ Colorado/Sep 12,@ Colorado/Sep 13,@ Arizona/Sep 15,@ Arizona/Sep 16,@ Arizona/Sep 17,vs Pittsburgh/Sep 19,vs Pittsburgh/Sep 20,vs Pittsburgh/Sep 21,vs Colorado/Sep 22,vs Colorado/Sep 23,vs Colorado/Sep 24,@ Atlanta/Sep 26,@ Atlanta/Sep 27,@ Atlanta/Sep 28,@ Milwaukee/Sep 29,@ Milwaukee/Sep 30,@ Milwaukee/Oct 1,
CHW,,,,,,,,,,,,,,,,,,,,,,,,,,,,,,,,,,,,,,,,,,,,,,,,,,,,,,,,,,,,,,,,,,,,,,,,,,,,,,,,,,,,,,,,,,,,,,,,,,,,,,,,,,,,,,,,,,,,,,,,,,,,,,,,,,,,,,,,,,,,,,,,,,,,,,,,,,,,,,,,,,,,,,,,,,,,,,,,,,,
CHW,@ Houston/Mar 30,@ Houston/Mar 31,@ Houston/Apr 1,@ Houston/Apr 2,vs San Francisco/Apr 3,,vs San Francisco/Apr 5,vs San Francisco/Apr 6,@ Pittsburgh/Apr 7,@ Pittsburgh/Apr 8,@ Pittsburgh/Apr 9,@ Minnesota/Apr 10,@ Minnesota/Apr 11,@ Minnesota/Apr 12,,vs Baltimore/Apr 14,vs Baltimore/Apr 15,vs Baltimore/Apr 16,vs Philadelphia/Apr 17,vs Philadelphia/Apr 18,vs Philadelphia/Apr 19,,@ Tampa Bay/Apr 21,@ Tampa Bay/Apr 22,@ Tampa Bay/Apr 23,@ Toronto/Apr 24,@ Toronto/Apr 25,@ Toronto/Apr 26,vs Tampa Bay/Apr 27,vs Tampa Bay/Apr 28,vs Tampa Bay/Apr 29,vs Tampa Bay/Apr 30,,vs Minnesota/May 2,vs Minnesota/May 3,vs Minnesota/May 4,@ Cincinnati/May 5,@ Cincinnati/May 6,@ Cincinnati/May 7,@ Kansas City/May 8,@ Kansas City/May 9,@ Kansas City/May 10,@ Kansas City/May 11,vs Houston/May 12,vs Houston/May 13,vs Houston/May 14,,vs Cleveland/May 16,vs Cleveland/May 17,vs Cleveland/May 18,vs Kansas City/May 19,vs Kansas City/May 20,vs Kansas City/May 21,@ Cleveland/May 22,@ Cleveland/May 23,@ Cleveland/May 24,@ Detroit/May 25,@ Detroit/May 26,@ Detroit/May 27,@ Detroit/May 28,vs L.A. Angels/May 29,vs L.A. Angels/May 30,vs L.A. Angels/May 31,,vs Detroit/Jun 2,vs Detroit/Jun 3,vs Detroit/Jun 4,,@ N.Y. Yankees/Jun 6,@ N.Y. Yankees/Jun 7,@ N.Y. Yankees/Jun 8,vs Miami/Jun 9,vs Miami/Jun 10,vs Miami/Jun 11,,@ L.A. Dodgers/Jun 13,@ L.A. Dodgers/Jun 14,@ L.A. Dodgers/Jun 15,@ Seattle/Jun 16,@ Seattle/Jun 17,@ Seattle/Jun 18,vs Texas/Jun 19,vs Texas/Jun 20,vs Texas/Jun 21,,vs Boston/Jun 23,vs Boston/Jun 24,vs Boston/Jun 25,@ L.A. Angels/Jun 26,@ L.A. Angels/Jun 27,@ L.A. Angels/Jun 28,@ L.A. Angels/Jun 29,@ Oakland/Jun 30,@ Oakland/Jul 1,@ Oakland/Jul 2,,vs Toronto/Jul 4,vs Toronto/Jul 5,vs Toronto/Jul 6,vs St. Louis/Jul 7,vs St. Louis/Jul 8,vs St. Louis/Jul 9,@ Atlanta/Jul 14,@ Atlanta/Jul 15,@ Atlanta/Jul 16,,@ N.Y. Mets/Jul 18,@ N.Y. Mets/Jul 19,@ N.Y. Mets/Jul 20,@ Minnesota/Jul 21,@ Minnesota/Jul 22,@ Minnesota/Jul 23,,vs Chi. Cubs/Jul 25,vs Chi. Cubs/Jul 26,vs Cleveland/Jul 27,vs Cleveland/Jul 28,vs Cleveland/Jul 29,vs Cleveland/Jul 30,,@ Texas/Aug 1,@ Texas/Aug 2,@ Texas/Aug 3,@ Cleveland/Aug 4,@ Cleveland/Aug 5,@ Cleveland/Aug 6,vs N.Y. Yankees/Aug 7,vs N.Y. Yankees/Aug 8,vs N.Y. Yankees/Aug 9,,vs Milwaukee/Aug 11,vs Milwaukee/Aug 12,vs Milwaukee/Aug 13,,@ Chi. Cubs/Aug 15,@ Chi. Cubs/Aug 16,,@ Colorado/Aug 18,@ Colorado/Aug 19,@ Colorado/Aug 20,vs Seattle/Aug 21,vs Seattle/Aug 22,vs Seattle/Aug 23,vs Oakland/Aug 24,vs Oakland/Aug 25,vs Oakland/Aug 26,vs Oakland/Aug 27,@ Baltimore/Aug 28,@ Baltimore/Aug 29,@ Baltimore/Aug 30,vs Detroit/Sep 1,vs Detroit/Sep 2,vs Detroit/Sep 3,@ Kansas City/Sep 5,@ Kansas City/Sep 6,@ Kansas City/Sep 7,@ Detroit/Sep 8,@ Detroit/Sep 9,@ Detroit/Sep 10,vs Kansas City/Sep 11,vs Kansas City/Sep 12,vs Kansas City/Sep 13,vs Minnesota/Sep 14,vs Minnesota/Sep 15,vs Minnesota/Sep 16,vs Minnesota/Sep 17,@ Washington/Sep 18,@ Washington/Sep 19,@ Washington/Sep 20,@ Boston/Sep 22,@ Boston/Sep 23,@ Boston/Sep 24,vs Arizona/Sep 25,vs Arizona/Sep 26,vs Arizona/Sep 27,vs San Diego/Sep 29,vs San Diego/Sep 30,vs San Diego/Oct 1,
CIN,,,,,,,,,,,,,,,,,,,,,,,,,,,,,,,,,,,,,,,,,,,,,,,,,,,,,,,,,,,,,,,,,,,,,,,,,,,,,,,,,,,,,,,,,,,,,,,,,,,,,,,,,,,,,,,,,,,,,,,,,,,,,,,,,,,,,,,,,,,,,,,,,,,,,,,,,,,,,,,,,,,,,,,,,,,,,,,,,,,
CIN,vs Pittsburgh/Mar 30,,vs Pittsburgh/Apr 1,vs Pittsburgh/Apr 2,vs Chi. Cubs/Apr 3,vs Chi. Cubs/Apr 4,vs Chi. Cubs/Apr 5,@ Philadelphia/Apr 6,,@ Philadelphia/Apr 8,@ Philadelphia/Apr 9,@ Atlanta/Apr 10,@ Atlanta/Apr 11,@ Atlanta/Apr 12,vs Philadelphia/Apr 13,vs Philadelphia/Apr 14,vs Philadelphia/Apr 15,vs Philadelphia/Apr 16,vs Tampa Bay/Apr 17,vs Tampa Bay/Apr 18,vs Tampa Bay/Apr 19,@ Pittsburgh/Apr 20,@ Pittsburgh/Apr 21,@ Pittsburgh/Apr 22,@ Pittsburgh/Apr 23,vs Texas/Apr 24,vs Texas/Apr 25,vs Texas/Apr 26,,@ Oakland/Apr 28,@ Oakland/Apr 29,@ Oakland/Apr 30,@ San Diego/May 1,@ San Diego/May 2,@ San Diego/May 3,,vs Chi. White Sox/May 5,vs Chi. White Sox/May 6,vs Chi. White Sox/May 7,,vs N.Y. Mets/May 9,vs N.Y. Mets/May 10,vs N.Y. Mets/May 11,@ Miami/May 12,@ Miami/May 13,@ Miami/May 14,@ Colorado/May 15,@ Colorado/May 16,@ Colorado/May 17,,vs N.Y. Yankees/May 19,vs N.Y. Yankees/May 20,vs N.Y. Yankees/May 21,vs St. Louis/May 22,vs St. Louis/May 23,vs St. Louis/May 24,vs St. Louis/May 25,@ Chi. Cubs/May 26,@ Chi. Cubs/May 27,@ Chi. Cubs/May 28,,@ Boston/May 30,@ Boston/May 31,@ Boston/Jun 1,vs Milwaukee/Jun 2,vs Milwaukee/Jun 3,vs Milwaukee/Jun 4,vs Milwaukee/Jun 5,vs L.A. Dodgers/Jun 6,vs L.A. Dodgers/Jun 7,vs L.A. Dodgers/Jun 8,@ St. Louis/Jun 9,@ St. Louis/Jun 10,@ St. Louis/Jun 11,@ Kansas City/Jun 12,@ Kansas City/Jun 13,@ Kansas City/Jun 14,,@ Houston/Jun 16,@ Houston/Jun 17,@ Houston/Jun 18,vs Colorado/Jun 19,vs Colorado/Jun 20,vs Colorado/Jun 21,,vs Atlanta/Jun 23,vs Atlanta/Jun 24,vs Atlanta/Jun 25,@ Baltimore/Jun 26,@ Baltimore/Jun 27,@ Baltimore/Jun 28,vs San Diego/Jun 30,,vs San Diego/Jul 1,vs San Diego/Jul 2,@ Washington/Jul 3,@ Washington/Jul 4,@ Washington/Jul 5,@ Washington/Jul 6,@ Milwaukee/Jul 7,@ Milwaukee/Jul 8,@ Milwaukee/Jul 9,vs Milwaukee/Jul 14,vs Milwaukee/Jul 15,vs Milwaukee/Jul 16,vs San Francisco/Jul 17,vs San Francisco/Jul 18,vs San Francisco/Jul 19,vs San Francisco/Jul 20,vs Arizona/Jul 21,vs Arizona/Jul 22,vs Arizona/Jul 23,@ Milwaukee/Jul 24,@ Milwaukee/Jul 25,@ Milwaukee/Jul 26,,@ L.A. Dodgers/Jul 28,@ L.A. Dodgers/Jul 29,@ L.A. Dodgers/Jul 30,@ Chi. Cubs/Jul 31,@ Chi. Cubs/Aug 1,@ Chi. Cubs/Aug 2,@ Chi. Cubs/Aug 3,vs Washington/Aug 4,vs Washington/Aug 5,vs Washington/Aug 6,vs Miami/Aug 7,vs Miami/Aug 8,vs Miami/Aug 9,,@ Pittsburgh/Aug 11,@ Pittsburgh/Aug 12,@ Pittsburgh/Aug 13,,vs Cleveland/Aug 15,vs Cleveland/Aug 16,,vs Toronto/Aug 18,vs Toronto/Aug 19,vs Toronto/Aug 20,@ L.A. Angels/Aug 21,@ L.A. Angels/Aug 22,@ L.A. Angels/Aug 23,@ Arizona/Aug 24,@ Arizona/Aug 25,@ Arizona/Aug 26,@ Arizona/Aug 27,@ San Francisco/Aug 28,@ San Francisco/Aug 29,@ San Francisco/Aug 30,vs Chi. Cubs/Sep 1,vs Chi. Cubs/Sep 2,vs Chi. Cubs/Sep 3,vs Seattle/Sep 4,vs Seattle/Sep 5,vs Seattle/Sep 6,vs St. Louis/Sep 8,vs St. Louis/Sep 9,vs St. Louis/Sep 10,@ Detroit/Sep 12,@ Detroit/Sep 13,@ Detroit/Sep 14,@ N.Y. Mets/Sep 15,@ N.Y. Mets/Sep 16,@ N.Y. Mets/Sep 17,vs Minnesota/Sep 18,vs Minnesota/Sep 19,vs Minnesota/Sep 20,vs Pittsburgh/Sep 22,vs Pittsburgh/Sep 23,vs Pittsburgh/Sep 24,@ Cleveland/Sep 26,@ Cleveland/Sep 27,@ St. Louis/Sep 29,@ St. Louis/Sep 30,@ St. Louis/Oct 1,,,
CLE,,,,,,,,,,,,,,,,,,,,,,,,,,,,,,,,,,,,,,,,,,,,,,,,,,,,,,,,,,,,,,,,,,,,,,,,,,,,,,,,,,,,,,,,,,,,,,,,,,,,,,,,,,,,,,,,,,,,,,,,,,,,,,,,,,,,,,,,,,,,,,,,,,,,,,,,,,,,,,,,,,,,,,,,,,,,,,,,,,,
CLE,@ Seattle/Mar 30,@ Seattle/Mar 31,@ Seattle/Apr 1,@ Seattle/Apr 2,@ Oakland/Apr 3,@ Oakland/Apr 4,@ Oakland/Apr 5,,vs Seattle/Apr 7,vs Seattle/Apr 8,vs Seattle/Apr 9,vs N.Y. Yankees/Apr 10,vs N.Y. Yankees/Apr 11,vs N.Y. Yankees/Apr 12,,@ Washington/Apr 14,@ Washington/Apr 15,@ Washington/Apr 16,@ Detroit/Apr 17,@ Detroit/Apr 18,@ Detroit/Apr 19,,vs Miami/Apr 21,vs Miami/Apr 22,vs Miami/Apr 23,vs Colorado/Apr 24,vs Colorado/Apr 25,vs Colorado/Apr 26,,@ Boston/Apr 28,@ Boston/Apr 29,@ Boston/Apr 30,@ N.Y. Yankees/May 1,@ N.Y. Yankees/May 2,@ N.Y. Yankees/May 3,,vs Minnesota/May 5,vs Minnesota/May 6,vs Minnesota/May 7,vs Detroit/May 8,vs Detroit/May 9,vs Detroit/May 10,,vs L.A. Angels/May 12,vs L.A. Angels/May 13,vs L.A. Angels/May 14,,@ Chi. White Sox/May 16,@ Chi. White Sox/May 17,@ Chi. White Sox/May 18,@ N.Y. Mets/May 19,@ N.Y. Mets/May 20,@ N.Y. Mets/May 21,vs Chi. White Sox/May 22,vs Chi. White Sox/May 23,vs Chi. White Sox/May 24,,vs St. Louis/May 26,vs St. Louis/May 27,vs St. Louis/May 28,@ Baltimore/May 29,@ Baltimore/May 30,@ Baltimore/May 31,@ Minnesota/Jun 1,@ Minnesota/Jun 2,@ Minnesota/Jun 3,@ Minnesota/Jun 4,,vs Boston/Jun 6,vs Boston/Jun 7,vs Boston/Jun 8,vs Houston/Jun 9,vs Houston/Jun 10,vs Houston/Jun 11,,@ San Diego/Jun 13,@ San Diego/Jun 14,@ San Diego/Jun 15,@ Arizona/Jun 16,@ Arizona/Jun 17,@ Arizona/Jun 18,vs Oakland/Jun 20,,vs Oakland/Jun 21,vs Oakland/Jun 22,vs Milwaukee/Jun 23,vs Milwaukee/Jun 24,vs Milwaukee/Jun 25,,@ Kansas City/Jun 27,@ Kansas City/Jun 28,@ Kansas City/Jun 29,@ Chi. Cubs/Jun 30,@ Chi. Cubs/Jul 1,@ Chi. Cubs/Jul 2,vs Atlanta/Jul 3,vs Atlanta/Jul 4,vs Atlanta/Jul 5,vs Kansas City/Jul 6,vs Kansas City/Jul 7,vs Kansas City/Jul 8,vs Kansas City/Jul 9,@ Texas/Jul 14,@ Texas/Jul 15,@ Texas/Jul 16,@ Pittsburgh/Jul 17,@ Pittsburgh/Jul 18,@ Pittsburgh/Jul 19,,vs Philadelphia/Jul 21,vs Philadelphia/Jul 22,vs Philadelphia/Jul 23,vs Kansas City/Jul 24,vs Kansas City/Jul 25,vs Kansas City/Jul 26,@ Chi. White Sox/Jul 27,@ Chi. White Sox/Jul 28,@ Chi. White Sox/Jul 29,@ Chi. White Sox/Jul 30,@ Houston/Jul 31,@ Houston/Aug 1,@ Houston/Aug 2,,vs Chi. White Sox/Aug 4,vs Chi. White Sox/Aug 5,vs Chi. White Sox/Aug 6,vs Toronto/Aug 7,vs Toronto/Aug 8,vs Toronto/Aug 9,vs Toronto/Aug 10,@ Tampa Bay/Aug 11,@ Tampa Bay/Aug 12,@ Tampa Bay/Aug 13,,@ Cincinnati/Aug 15,@ Cincinnati/Aug 16,vs Detroit/Aug 17,vs Detroit/Aug 18,vs Detroit/Aug 19,vs Detroit/Aug 20,vs L.A. Dodgers/Aug 22,vs L.A. Dodgers/Aug 23,vs L.A. Dodgers/Aug 24,@ Toronto/Aug 25,@ Toronto/Aug 26,@ Toronto/Aug 27,@ Minnesota/Aug 28,@ Minnesota/Aug 29,@ Minnesota/Aug 30,vs Tampa Bay/Sep 1,vs Tampa Bay/Sep 2,vs Tampa Bay/Sep 3,vs Minnesota/Sep 4,vs Minnesota/Sep 5,vs Minnesota/Sep 6,@ L.A. Angels/Sep 7,@ L.A. Angels/Sep 8,@ L.A. Angels/Sep 9,@ L.A. Angels/Sep 10,@ San Francisco/Sep 11,@ San Francisco/Sep 12,@ San Francisco/Sep 13,vs Texas/Sep 15,vs Texas/Sep 16,vs Texas/Sep 17,@ Kansas City/Sep 18,@ Kansas City/Sep 19,@ Kansas City/Sep 20,vs Baltimore/Sep 21,vs Baltimore/Sep 22,vs Baltimore/Sep 23,vs Baltimore/Sep 24,vs Cincinnati/Sep 26,vs Cincinnati/Sep 27,@ Detroit/Sep 29,@ Detroit/Sep 30,@ Detroit/Oct 1,,
COL,,,,,,,,,,,,,,,,,,,,,,,,,,,,,,,,,,,,,,,,,,,,,,,,,,,,,,,,,,,,,,,,,,,,,,,,,,,,,,,,,,,,,,,,,,,,,,,,,,,,,,,,,,,,,,,,,,,,,,,,,,,,,,,,,,,,,,,,,,,,,,,,,,,,,,,,,,,,,,,,,,,,,,,,,,,,,,,,,,,
COL,@ San Diego/Mar 30,@ San Diego/Mar 31,@ San Diego/Apr 1,@ San Diego/Apr 2,@ L.A. Dodgers/Apr 3,@ L.A. Dodgers/Apr 4,,vs Washington/Apr 6,vs Washington/Apr 7,vs Washington/Apr 8,vs Washington/Apr 9,vs St. Louis/Apr 10,vs St. Louis/Apr 11,vs St. Louis/Apr 12,,@ Seattle/Apr 14,@ Seattle/Apr 15,@ Seattle/Apr 16,vs Pittsburgh/Apr 17,vs Pittsburgh/Apr 18,vs Pittsburgh/Apr 19,@ Philadelphia/Apr 20,@ Philadelphia/Apr 21,@ Philadelphia/Apr 22,@ Philadelphia/Apr 23,@ Cleveland/Apr 24,@ Cleveland/Apr 25,@ Cleveland/Apr 26,,vs Arizona/Apr 28,vs Arizona/Apr 29,vs Arizona/Apr 30,,vs Milwaukee/May 2,vs Milwaukee/May 3,vs Milwaukee/May 4,@ N.Y. Mets/May 5,@ N.Y. Mets/May 6,@ N.Y. Mets/May 7,@ Pittsburgh/May 8,@ Pittsburgh/May 9,@ Pittsburgh/May 10,,vs Philadelphia/May 12,vs Philadelphia/May 13,vs Philadelphia/May 14,vs Cincinnati/May 15,vs Cincinnati/May 16,vs Cincinnati/May 17,,@ Texas/May 19,@ Texas/May 20,@ Texas/May 21,vs Miami/May 22,vs Miami/May 23,vs Miami/May 24,vs Miami/May 25,vs N.Y. Mets/May 26,vs N.Y. Mets/May 27,vs N.Y. Mets/May 28,@ Arizona/May 29,@ Arizona/May 30,@ Arizona/May 31,@ Arizona/Jun 1,@ Kansas City/Jun 2,@ Kansas City/Jun 3,@ Kansas City/Jun 4,,vs San Francisco/Jun 6,vs San Francisco/Jun 7,vs San Francisco/Jun 8,vs San Diego/Jun 9,vs San Diego/Jun 10,vs San Diego/Jun 11,@ Boston/Jun 12,@ Boston/Jun 13,@ Boston/Jun 14,@ Atlanta/Jun 15,@ Atlanta/Jun 16,@ Atlanta/Jun 17,@ Atlanta/Jun 18,@ Cincinnati/Jun 19,@ Cincinnati/Jun 20,@ Cincinnati/Jun 21,,vs L.A. Angels/Jun 23,vs L.A. Angels/Jun 24,vs L.A. Angels/Jun 25,,vs L.A. Dodgers/Jun 27,vs L.A. Dodgers/Jun 28,vs L.A. Dodgers/Jun 29,vs Detroit/Jun 30,vs Detroit/Jul 1,vs Detroit/Jul 2,,@ Houston/Jul 4,@ Houston/Jul 5,,@ San Francisco/Jul 7,@ San Francisco/Jul 8,@ San Francisco/Jul 9,vs N.Y. Yankees/Jul 14,vs N.Y. Yankees/Jul 15,vs N.Y. Yankees/Jul 16,,vs Houston/Jul 18,vs Houston/Jul 19,,@ Miami/Jul 21,@ Miami/Jul 22,@ Miami/Jul 23,@ Washington/Jul 24,@ Washington/Jul 25,@ Washington/Jul 26,,vs Oakland/Jul 28,vs Oakland/Jul 29,vs Oakland/Jul 30,vs San Diego/Jul 31,vs San Diego/Aug 1,vs San Diego/Aug 2,,@ St. Louis/Aug 4,@ St. Louis/Aug 5,@ St. Louis/Aug 6,@ Milwaukee/Aug 7,@ Milwaukee/Aug 8,@ Milwaukee/Aug 9,@ L.A. Dodgers/Aug 10,@ L.A. Dodgers/Aug 11,@ L.A. Dodgers/Aug 12,@ L.A. Dodgers/Aug 13,vs Arizona/Aug 14,vs Arizona/Aug 15,vs Arizona/Aug 16,,vs Chi. White Sox/Aug 18,vs Chi. White Sox/Aug 19,vs Chi. White Sox/Aug 20,@ Tampa Bay/Aug 22,@ Tampa Bay/Aug 23,@ Tampa Bay/Aug 24,@ Baltimore/Aug 25,@ Baltimore/Aug 26,@ Baltimore/Aug 27,vs Atlanta/Aug 28,vs Atlanta/Aug 29,vs Atlanta/Aug 30,vs Toronto/Sep 1,vs Toronto/Sep 2,vs Toronto/Sep 3,@ Arizona/Sep 4,@ Arizona/Sep 5,@ Arizona/Sep 6,@ San Francisco/Sep 8,@ San Francisco/Sep 9,@ San Francisco/Sep 10,vs Chi. Cubs/Sep 11,vs Chi. Cubs/Sep 12,vs Chi. Cubs/Sep 13,vs San Francisco/Sep 14,vs San Francisco/Sep 15,vs San Francisco/Sep 16,vs San Francisco/Sep 17,@ San Diego/Sep 18,@ San Diego/Sep 19,@ San Diego/Sep 20,@ Chi. Cubs/Sep 22,@ Chi. Cubs/Sep 23,@ Chi. Cubs/Sep 24,vs L.A. Dodgers/Sep 26,vs L.A. Dodgers/Sep 26,vs L.A. Dodgers/Sep 27,vs L.A. Dodgers/Sep 28,vs Minnesota/Sep 29,vs Minnesota/Sep 30,vs Minnesota/Oct 1,
DET,,,,,,,,,,,,,,,,,,,,,,,,,,,,,,,,,,,,,,,,,,,,,,,,,,,,,,,,,,,,,,,,,,,,,,,,,,,,,,,,,,,,,,,,,,,,,,,,,,,,,,,,,,,,,,,,,,,,,,,,,,,,,,,,,,,,,,,,,,,,,,,,,,,,,,,,,,,,,,,,,,,,,,,,,,,,,,,,,,,
DET,@ Tampa Bay/Mar 30,,@ Tampa Bay/Apr 1,@ Tampa Bay/Apr 2,@ Houston/Apr 3,@ Houston/Apr 4,@ Houston/Apr 5,vs Boston/Apr 6,,vs Boston/Apr 8,vs Boston/Apr 9,@ Toronto/Apr 11,@ Toronto/Apr 12,@ Toronto/Apr 13,,vs San Francisco/Apr 14,vs San Francisco/Apr 15,vs San Francisco/Apr 16,vs Cleveland/Apr 17,vs Cleveland/Apr 18,vs Cleveland/Apr 19,,@ Baltimore/Apr 21,@ Baltimore/Apr 22,@ Baltimore/Apr 23,@ Milwaukee/Apr 24,@ Milwaukee/Apr 25,@ Milwaukee/Apr 26,vs Baltimore/Apr 27,vs Baltimore/Apr 28,vs Baltimore/Apr 29,vs Baltimore/Apr 30,,vs N.Y. Mets/May 2,vs N.Y. Mets/May 3,vs N.Y. Mets/May 4,@ St. Louis/May 5,@ St. Louis/May 6,@ St. Louis/May 7,@ Cleveland/May 8,@ Cleveland/May 9,@ Cleveland/May 10,,vs Seattle/May 12,vs Seattle/May 13,vs Seattle/May 14,,vs Pittsburgh/May 16,vs Pittsburgh/May 17,,@ Washington/May 19,@ Washington/May 20,@ Washington/May 21,@ Kansas City/May 22,@ Kansas City/May 23,@ Kansas City/May 24,vs Chi. White Sox/May 25,vs Chi. White Sox/May 26,vs Chi. White Sox/May 27,vs Chi. White Sox/May 28,vs Texas/May 29,vs Texas/May 30,vs Texas/May 31,,@ Chi. White Sox/Jun 2,@ Chi. White Sox/Jun 3,@ Chi. White Sox/Jun 4,@ Philadelphia/Jun 5,@ Philadelphia/Jun 6,@ Philadelphia/Jun 7,,vs Arizona/Jun 9,vs Arizona/Jun 10,vs Arizona/Jun 11,vs Atlanta/Jun 12,vs Atlanta/Jun 13,vs Atlanta/Jun 14,@ Minnesota/Jun 15,@ Minnesota/Jun 16,@ Minnesota/Jun 17,@ Minnesota/Jun 18,vs Kansas City/Jun 19,vs Kansas City/Jun 20,vs Kansas City/Jun 21,,vs Minnesota/Jun 23,vs Minnesota/Jun 24,vs Minnesota/Jun 25,@ Texas/Jun 26,@ Texas/Jun 27,@ Texas/Jun 28,@ Texas/Jun 29,@ Colorado/Jun 30,@ Colorado/Jul 1,@ Colorado/Jul 2,,vs Oakland/Jul 4,vs Oakland/Jul 5,vs Oakland/Jul 6,vs Toronto/Jul 7,vs Toronto/Jul 8,vs Toronto/Jul 9,@ Seattle/Jul 14,@ Seattle/Jul 15,@ Seattle/Jul 16,@ Kansas City/Jul 17,@ Kansas City/Jul 18,@ Kansas City/Jul 19,@ Kansas City/Jul 20,vs San Diego/Jul 21,vs San Diego/Jul 22,vs San Diego/Jul 23,,vs L.A. Angels/Jul 25,vs L.A. Angels/Jul 26,vs L.A. Angels/Jul 27,@ Miami/Jul 28,@ Miami/Jul 29,@ Miami/Jul 30,,@ Pittsburgh/Aug 1,@ Pittsburgh/Aug 2,,vs Tampa Bay/Aug 4,vs Tampa Bay/Aug 5,vs Tampa Bay/Aug 6,vs Minnesota/Aug 7,vs Minnesota/Aug 8,vs Minnesota/Aug 9,vs Minnesota/Aug 10,@ Boston/Aug 11,@ Boston/Aug 12,@ Boston/Aug 13,,@ Minnesota/Aug 15,@ Minnesota/Aug 16,@ Cleveland/Aug 17,@ Cleveland/Aug 18,@ Cleveland/Aug 19,@ Cleveland/Aug 20,vs Chi. Cubs/Aug 21,vs Chi. Cubs/Aug 22,vs Chi. Cubs/Aug 23,vs Houston/Aug 25,vs Houston/Aug 26,vs Houston/Aug 27,vs N.Y. Yankees/Aug 28,vs N.Y. Yankees/Aug 29,vs N.Y. Yankees/Aug 30,vs N.Y. Yankees/Aug 31,@ Chi. White Sox/Sep 1,@ Chi. White Sox/Sep 2,@ Chi. White Sox/Sep 3,@ N.Y. Yankees/Sep 5,@ N.Y. Yankees/Sep 6,@ N.Y. Yankees/Sep 7,vs Chi. White Sox/Sep 8,vs Chi. White Sox/Sep 9,vs Chi. White Sox/Sep 10,vs Cincinnati/Sep 12,vs Cincinnati/Sep 13,vs Cincinnati/Sep 14,@ L.A. Angels/Sep 15,@ L.A. Angels/Sep 16,@ L.A. Angels/Sep 17,@ L.A. Dodgers/Sep 18,@ L.A. Dodgers/Sep 19,@ L.A. Dodgers/Sep 20,@ Oakland/Sep 21,@ Oakland/Sep 22,@ Oakland/Sep 23,@ Oakland/Sep 24,vs Kansas City/Sep 26,vs Kansas City/Sep 27,vs Kansas City/Sep 28,vs Cleveland/Sep 29,vs Cleveland/Sep 30,vs Cleveland/Oct 1,
HOU,,,,,,,,,,,,,,,,,,,,,,,,,,,,,,,,,,,,,,,,,,,,,,,,,,,,,,,,,,,,,,,,,,,,,,,,,,,,,,,,,,,,,,,,,,,,,,,,,,,,,,,,,,,,,,,,,,,,,,,,,,,,,,,,,,,,,,,,,,,,,,,,,,,,,,,,,,,,,,,,,,,,,,,,,,,,,,,,,,,
HOU,vs Chi. White Sox/Mar 30,vs Chi. White Sox/Mar 31,vs Chi. White Sox/Apr 1,vs Chi. White Sox/Apr 2,vs Detroit/Apr 3,vs Detroit/Apr 4,vs Detroit/Apr 5,@ Minnesota/Apr 6,,@ Minnesota/Apr 8,@ Minnesota/Apr 9,@ Pittsburgh/Apr 10,@ Pittsburgh/Apr 11,@ Pittsburgh/Apr 12,,vs Texas/Apr 14,vs Texas/Apr 15,vs Texas/Apr 16,vs Toronto/Apr 17,vs Toronto/Apr 18,vs Toronto/Apr 19,,@ Atlanta/Apr 21,@ Atlanta/Apr 22,@ Atlanta/Apr 23,@ Tampa Bay/Apr 24,@ Tampa Bay/Apr 25,@ Tampa Bay/Apr 26,,vs Philadelphia/Apr 28,vs Philadelphia/Apr 29,vs Philadelphia/Apr 30,vs San Francisco/May 1,vs San Francisco/May 2,vs San Francisco/May 3,,@ Seattle/May 5,@ Seattle/May 6,@ Seattle/May 7,@ L.A. Angels/May 8,@ L.A. Angels/May 9,@ L.A. Angels/May 10,,@ Chi. White Sox/May 12,@ Chi. White Sox/May 13,@ Chi. White Sox/May 14,vs Chi. Cubs/May 15,vs Chi. Cubs/May 16,vs Chi. Cubs/May 17,,vs Oakland/May 19,vs Oakland/May 20,vs Oakland/May 21,@ Milwaukee/May 22,@ Milwaukee/May 23,@ Milwaukee/May 24,,@ Oakland/May 26,@ Oakland/May 27,@ Oakland/May 28,vs Minnesota/May 29,vs Minnesota/May 30,vs Minnesota/May 31,vs L.A. Angels/Jun 1,vs L.A. Angels/Jun 2,vs L.A. Angels/Jun 3,vs L.A. Angels/Jun 4,@ Toronto/Jun 5,@ Toronto/Jun 6,@ Toronto/Jun 7,@ Toronto/Jun 8,@ Cleveland/Jun 9,@ Cleveland/Jun 10,@ Cleveland/Jun 11,,vs Washington/Jun 13,vs Washington/Jun 14,vs Washington/Jun 15,vs Cincinnati/Jun 16,vs Cincinnati/Jun 17,vs Cincinnati/Jun 18,vs N.Y. Mets/Jun 19,vs N.Y. Mets/Jun 20,vs N.Y. Mets/Jun 21,,@ L.A. Dodgers/Jun 23,@ L.A. Dodgers/Jun 24,@ L.A. Dodgers/Jun 25,,@ St. Louis/Jun 27,@ St. Louis/Jun 28,@ St. Louis/Jun 29,@ Texas/Jun 30,@ Texas/Jul 1,@ Texas/Jul 2,@ Texas/Jul 3,vs Colorado/Jul 4,vs Colorado/Jul 5,vs Seattle/Jul 6,vs Seattle/Jul 7,vs Seattle/Jul 8,vs Seattle/Jul 9,@ L.A. Angels/Jul 14,@ L.A. Angels/Jul 15,@ L.A. Angels/Jul 16,,@ Colorado/Jul 18,@ Colorado/Jul 19,@ Oakland/Jul 20,@ Oakland/Jul 21,@ Oakland/Jul 22,@ Oakland/Jul 23,vs Texas/Jul 24,vs Texas/Jul 25,vs Texas/Jul 26,,vs Tampa Bay/Jul 28,vs Tampa Bay/Jul 29,vs Tampa Bay/Jul 30,vs Cleveland/Jul 31,vs Cleveland/Aug 1,vs Cleveland/Aug 2,@ N.Y. Yankees/Aug 3,@ N.Y. Yankees/Aug 4,@ N.Y. Yankees/Aug 5,@ N.Y. Yankees/Aug 6,,@ Baltimore/Aug 8,@ Baltimore/Aug 9,@ Baltimore/Aug 10,vs L.A. Angels/Aug 11,vs L.A. Angels/Aug 12,vs L.A. Angels/Aug 13,@ Miami/Aug 14,@ Miami/Aug 15,@ Miami/Aug 16,,vs Seattle/Aug 18,vs Seattle/Aug 19,vs Seattle/Aug 20,vs Boston/Aug 21,vs Boston/Aug 22,vs Boston/Aug 23,vs Boston/Aug 24,@ Detroit/Aug 25,@ Detroit/Aug 26,@ Detroit/Aug 27,@ Boston/Aug 28,@ Boston/Aug 29,@ Boston/Aug 30,vs N.Y. Yankees/Sep 1,vs N.Y. Yankees/Sep 2,vs N.Y. Yankees/Sep 3,@ Texas/Sep 4,@ Texas/Sep 5,@ Texas/Sep 6,vs San Diego/Sep 8,vs San Diego/Sep 9,vs San Diego/Sep 10,vs Oakland/Sep 11,vs Oakland/Sep 12,vs Oakland/Sep 13,@ Kansas City/Sep 15,@ Kansas City/Sep 16,@ Kansas City/Sep 17,vs Baltimore/Sep 18,vs Baltimore/Sep 19,vs Baltimore/Sep 20,vs Kansas City/Sep 22,vs Kansas City/Sep 23,vs Kansas City/Sep 24,@ Seattle/Sep 25,@ Seattle/Sep 26,@ Seattle/Sep 27,@ Arizona/Sep 29,@ Arizona/Sep 30,@ Arizona/Oct 1,,
KC,,,,,,,,,,,,,,,,,,,,,,,,,,,,,,,,,,,,,,,,,,,,,,,,,,,,,,,,,,,,,,,,,,,,,,,,,,,,,,,,,,,,,,,,,,,,,,,,,,,,,,,,,,,,,,,,,,,,,,,,,,,,,,,,,,,,,,,,,,,,,,,,,,,,,,,,,,,,,,,,,,,,,,,,,,,,,,,,,,,
KC,vs Minnesota/Mar 30,,vs Minnesota/Apr 1,vs Minnesota/Apr 2,vs Toronto/Apr 3,vs Toronto/Apr 4,vs Toronto/Apr 5,vs Toronto/Apr 6,@ San Francisco/Apr 7,@ San Francisco/Apr 8,@ San Francisco/Apr 9,@ Texas/Apr 10,@ Texas/Apr 11,@ Texas/Apr 12,,vs Atlanta/Apr 14,vs Atlanta/Apr 15,vs Atlanta/Apr 16,vs Texas/Apr 17,vs Texas/Apr 18,vs Texas/Apr 19,,@ L.A. Angels/Apr 21,@ L.A. Angels/Apr 22,@ L.A. Angels/Apr 23,@ Arizona/Apr 24,@ Arizona/Apr 25,@ Arizona/Apr 26,@ Minnesota/Apr 27,@ Minnesota/Apr 28,@ Minnesota/Apr 29,@ Minnesota/Apr 30,,vs Baltimore/May 2,vs Baltimore/May 3,vs Baltimore/May 4,vs Oakland/May 5,vs Oakland/May 6,vs Oakland/May 7,vs Chi. White Sox/May 8,vs Chi. White Sox/May 9,vs Chi. White Sox/May 10,vs Chi. White Sox/May 11,@ Milwaukee/May 12,@ Milwaukee/May 13,@ Milwaukee/May 14,@ San Diego/May 15,@ San Diego/May 16,@ San Diego/May 17,,@ Chi. White Sox/May 19,@ Chi. White Sox/May 20,@ Chi. White Sox/May 21,vs Detroit/May 22,vs Detroit/May 23,vs Detroit/May 24,,vs Washington/May 26,vs Washington/May 27,vs Washington/May 28,@ St. Louis/May 29,@ St. Louis/May 30,,,vs Colorado/Jun 2,vs Colorado/Jun 3,vs Colorado/Jun 4,@ Miami/Jun 5,@ Miami/Jun 6,@ Miami/Jun 7,,@ Baltimore/Jun 9,@ Baltimore/Jun 10,@ Baltimore/Jun 11,vs Cincinnati/Jun 12,vs Cincinnati/Jun 13,vs Cincinnati/Jun 14,,vs L.A. Angels/Jun 16,vs L.A. Angels/Jun 17,vs L.A. Angels/Jun 18,@ Detroit/Jun 19,@ Detroit/Jun 20,@ Detroit/Jun 21,@ Tampa Bay/Jun 22,@ Tampa Bay/Jun 23,@ Tampa Bay/Jun 24,@ Tampa Bay/Jun 25,,vs Cleveland/Jun 27,vs Cleveland/Jun 28,vs Cleveland/Jun 29,vs L.A. Dodgers/Jun 30,vs L.A. Dodgers/Jul 1,vs L.A. Dodgers/Jul 2,@ Minnesota/Jul 3,@ Minnesota/Jul 4,@ Minnesota/Jul 5,@ Cleveland/Jul 6,@ Cleveland/Jul 7,@ Cleveland/Jul 8,@ Cleveland/Jul 9,vs Tampa Bay/Jul 14,vs Tampa Bay/Jul 15,vs Tampa Bay/Jul 16,vs Detroit/Jul 17,vs Detroit/Jul 18,vs Detroit/Jul 19,vs Detroit/Jul 20,@ N.Y. Yankees/Jul 21,@ N.Y. Yankees/Jul 22,@ N.Y. Yankees/Jul 23,@ Cleveland/Jul 24,@ Cleveland/Jul 25,@ Cleveland/Jul 26,,vs Minnesota/Jul 28,vs Minnesota/Jul 29,vs Minnesota/Jul 30,,vs N.Y. Mets/Aug 1,vs N.Y. Mets/Aug 2,vs N.Y. Mets/Aug 3,@ Philadelphia/Aug 4,@ Philadelphia/Aug 5,@ Philadelphia/Aug 6,@ Boston/Aug 7,@ Boston/Aug 8,@ Boston/Aug 9,@ Boston/Aug 10,vs St. Louis/Aug 11,vs St. Louis/Aug 12,,vs Seattle/Aug 14,vs Seattle/Aug 15,vs Seattle/Aug 16,vs Seattle/Aug 17,@ Chi. Cubs/Aug 18,@ Chi. Cubs/Aug 19,@ Chi. Cubs/Aug 20,@ Oakland/Aug 21,@ Oakland/Aug 22,@ Oakland/Aug 23,@ Seattle/Aug 25,@ Seattle/Aug 26,@ Seattle/Aug 27,vs Pittsburgh/Aug 28,vs Pittsburgh/Aug 29,vs Pittsburgh/Aug 30,vs Boston/Sep 1,vs Boston/Sep 2,vs Boston/Sep 3,vs Chi. White Sox/Sep 5,vs Chi. White Sox/Sep 6,vs Chi. White Sox/Sep 7,@ Toronto/Sep 8,@ Toronto/Sep 9,@ Toronto/Sep 10,@ Chi. White Sox/Sep 11,@ Chi. White Sox/Sep 12,@ Chi. White Sox/Sep 13,vs Houston/Sep 15,vs Houston/Sep 16,vs Houston/Sep 17,vs Cleveland/Sep 18,vs Cleveland/Sep 19,vs Cleveland/Sep 20,@ Houston/Sep 22,@ Houston/Sep 23,@ Houston/Sep 24,@ Detroit/Sep 26,@ Detroit/Sep 27,@ Detroit/Sep 28,vs N.Y. Yankees/Sep 29,vs N.Y. Yankees/Sep 30,vs N.Y. Yankees/Oct 1,,,
LAA,,,,,,,,,,,,,,,,,,,,,,,,,,,,,,,,,,,,,,,,,,,,,,,,,,,,,,,,,,,,,,,,,,,,,,,,,,,,,,,,,,,,,,,,,,,,,,,,,,,,,,,,,,,,,,,,,,,,,,,,,,,,,,,,,,,,,,,,,,,,,,,,,,,,,,,,,,,,,,,,,,,,,,,,,,,,,,,,,,,
LAA,@ Oakland/Mar 30,,@ Oakland/Apr 1,@ Oakland/Apr 2,@ Seattle/Apr 3,@ Seattle/Apr 4,@ Seattle/Apr 5,,vs Toronto/Apr 7,vs Toronto/Apr 8,vs Toronto/Apr 9,vs Washington/Apr 10,vs Washington/Apr 11,vs Washington/Apr 12,,@ Boston/Apr 14,@ Boston/Apr 15,@ Boston/Apr 16,@ Boston/Apr 17,@ N.Y. Yankees/Apr 18,@ N.Y. Yankees/Apr 19,@ N.Y. Yankees/Apr 20,vs Kansas City/Apr 21,vs Kansas City/Apr 22,vs Kansas City/Apr 23,vs Oakland/Apr 24,vs Oakland/Apr 25,vs Oakland/Apr 26,vs Oakland/Apr 27,@ Milwaukee/Apr 28,@ Milwaukee/Apr 29,@ Milwaukee/Apr 30,,@ St. Louis/May 2,@ St. Louis/May 3,@ St. Louis/May 4,vs Texas/May 5,vs Texas/May 6,vs Texas/May 7,vs Houston/May 8,vs Houston/May 9,vs Houston/May 10,,@ Cleveland/May 12,@ Cleveland/May 13,@ Cleveland/May 14,@ Baltimore/May 15,@ Baltimore/May 16,@ Baltimore/May 17,@ Baltimore/May 18,vs Minnesota/May 19,vs Minnesota/May 20,vs Minnesota/May 21,vs Boston/May 22,vs Boston/May 23,vs Boston/May 24,,vs Miami/May 26,vs Miami/May 27,vs Miami/May 28,@ Chi. White Sox/May 29,@ Chi. White Sox/May 30,@ Chi. White Sox/May 31,@ Houston/Jun 1,@ Houston/Jun 2,@ Houston/Jun 3,@ Houston/Jun 4,,vs Chi. Cubs/Jun 6,vs Chi. Cubs/Jun 7,vs Chi. Cubs/Jun 8,vs Seattle/Jun 9,vs Seattle/Jun 10,vs Seattle/Jun 11,@ Texas/Jun 12,@ Texas/Jun 13,@ Texas/Jun 14,@ Texas/Jun 15,@ Kansas City/Jun 16,@ Kansas City/Jun 17,@ Kansas City/Jun 18,,vs L.A. Dodgers/Jun 20,vs L.A. Dodgers/Jun 21,,@ Colorado/Jun 23,@ Colorado/Jun 24,@ Colorado/Jun 25,vs Chi. White Sox/Jun 26,vs Chi. White Sox/Jun 27,vs Chi. White Sox/Jun 28,vs Chi. White Sox/Jun 29,vs Arizona/Jun 30,vs Arizona/Jul 1,vs Arizona/Jul 2,@ San Diego/Jul 3,@ San Diego/Jul 4,@ San Diego/Jul 5,,@ L.A. Dodgers/Jul 7,@ L.A. Dodgers/Jul 8,vs Houston/Jul 14,,vs Houston/Jul 15,vs Houston/Jul 16,vs N.Y. Yankees/Jul 17,vs N.Y. Yankees/Jul 18,vs N.Y. Yankees/Jul 19,,vs Pittsburgh/Jul 21,vs Pittsburgh/Jul 22,vs Pittsburgh/Jul 23,,@ Detroit/Jul 25,@ Detroit/Jul 26,@ Detroit/Jul 27,@ Toronto/Jul 28,@ Toronto/Jul 29,@ Toronto/Jul 30,@ Atlanta/Jul 31,@ Atlanta/Aug 1,@ Atlanta/Aug 2,vs Seattle/Aug 3,vs Seattle/Aug 4,vs Seattle/Aug 5,vs Seattle/Aug 6,vs San Francisco/Aug 7,vs San Francisco/Aug 8,vs San Francisco/Aug 9,,@ Houston/Aug 11,@ Houston/Aug 12,@ Houston/Aug 13,@ Texas/Aug 14,@ Texas/Aug 15,@ Texas/Aug 16,,vs Tampa Bay/Aug 18,vs Tampa Bay/Aug 19,vs Tampa Bay/Aug 20,vs Cincinnati/Aug 21,vs Cincinnati/Aug 22,vs Cincinnati/Aug 23,@ N.Y. Mets/Aug 25,@ N.Y. Mets/Aug 26,@ N.Y. Mets/Aug 27,@ Philadelphia/Aug 28,@ Philadelphia/Aug 29,@ Philadelphia/Aug 30,@ Oakland/Sep 1,@ Oakland/Sep 2,@ Oakland/Sep 3,vs Baltimore/Sep 4,vs Baltimore/Sep 5,vs Baltimore/Sep 6,vs Cleveland/Sep 7,vs Cleveland/Sep 8,vs Cleveland/Sep 9,vs Cleveland/Sep 10,@ Seattle/Sep 11,@ Seattle/Sep 12,@ Seattle/Sep 13,vs Detroit/Sep 15,vs Detroit/Sep 16,vs Detroit/Sep 17,@ Tampa Bay/Sep 19,@ Tampa Bay/Sep 20,@ Tampa Bay/Sep 21,@ Minnesota/Sep 22,@ Minnesota/Sep 23,@ Minnesota/Sep 24,vs Texas/Sep 25,vs Texas/Sep 26,vs Texas/Sep 27,vs Oakland/Sep 29,vs Oakland/Sep 30,vs Oakland/Oct 1,,
LAD,,,,,,,,,,,,,,,,,,,,,,,,,,,,,,,,,,,,,,,,,,,,,,,,,,,,,,,,,,,,,,,,,,,,,,,,,,,,,,,,,,,,,,,,,,,,,,,,,,,,,,,,,,,,,,,,,,,,,,,,,,,,,,,,,,,,,,,,,,,,,,,,,,,,,,,,,,,,,,,,,,,,,,,,,,,,,,,,,,,
LAD,vs Arizona/Mar 30,vs Arizona/Mar 31,vs Arizona/Apr 1,vs Arizona/Apr 2,vs Colorado/Apr 3,vs Colorado/Apr 4,,@ Arizona/Apr 6,@ Arizona/Apr 7,@ Arizona/Apr 8,@ Arizona/Apr 9,@ San Francisco/Apr 10,@ San Francisco/Apr 11,@ San Francisco/Apr 12,,vs Chi. Cubs/Apr 14,vs Chi. Cubs/Apr 15,vs Chi. Cubs/Apr 16,vs N.Y. Mets/Apr 17,vs N.Y. Mets/Apr 18,vs N.Y. Mets/Apr 19,@ Chi. Cubs/Apr 20,@ Chi. Cubs/Apr 21,@ Chi. Cubs/Apr 22,@ Chi. Cubs/Apr 23,,@ Pittsburgh/Apr 25,@ Pittsburgh/Apr 26,@ Pittsburgh/Apr 27,vs St. Louis/Apr 28,vs St. Louis/Apr 29,vs St. Louis/Apr 30,vs Philadelphia/May 1,vs Philadelphia/May 2,vs Philadelphia/May 3,,@ San Diego/May 5,@ San Diego/May 6,@ San Diego/May 7,@ Milwaukee/May 8,@ Milwaukee/May 9,@ Milwaukee/May 10,,vs San Diego/May 12,vs San Diego/May 13,vs San Diego/May 14,vs Minnesota/May 15,vs Minnesota/May 16,vs Minnesota/May 17,@ St. Louis/May 18,@ St. Louis/May 19,@ St. Louis/May 20,@ St. Louis/May 21,@ Atlanta/May 22,@ Atlanta/May 23,@ Atlanta/May 24,,@ Tampa Bay/May 26,@ Tampa Bay/May 27,@ Tampa Bay/May 28,vs Washington/May 29,vs Washington/May 30,vs Washington/May 31,,vs N.Y. Yankees/Jun 2,vs N.Y. Yankees/Jun 3,vs N.Y. Yankees/Jun 4,,@ Cincinnati/Jun 6,@ Cincinnati/Jun 7,@ Cincinnati/Jun 8,@ Philadelphia/Jun 9,@ Philadelphia/Jun 10,@ Philadelphia/Jun 11,,vs Chi. White Sox/Jun 13,vs Chi. White Sox/Jun 14,vs Chi. White Sox/Jun 15,vs San Francisco/Jun 16,vs San Francisco/Jun 17,vs San Francisco/Jun 18,,@ L.A. Angels/Jun 20,@ L.A. Angels/Jun 21,,vs Houston/Jun 23,vs Houston/Jun 24,vs Houston/Jun 25,,@ Colorado/Jun 27,@ Colorado/Jun 28,@ Colorado/Jun 29,@ Kansas City/Jun 30,@ Kansas City/Jul 1,@ Kansas City/Jul 2,vs Pittsburgh/Jul 3,vs Pittsburgh/Jul 4,vs Pittsburgh/Jul 5,vs Pittsburgh/Jul 6,vs L.A. Angels/Jul 7,vs L.A. Angels/Jul 8,@ N.Y. Mets/Jul 14,,@ N.Y. Mets/Jul 15,@ N.Y. Mets/Jul 16,@ Baltimore/Jul 17,@ Baltimore/Jul 18,@ Baltimore/Jul 19,,@ Texas/Jul 21,@ Texas/Jul 22,@ Texas/Jul 23,vs Toronto/Jul 24,vs Toronto/Jul 25,vs Toronto/Jul 26,,vs Cincinnati/Jul 28,vs Cincinnati/Jul 29,vs Cincinnati/Jul 30,,vs Oakland/Aug 1,vs Oakland/Aug 2,vs Oakland/Aug 3,@ San Diego/Aug 4,@ San Diego/Aug 5,@ San Diego/Aug 6,@ San Diego/Aug 7,@ Arizona/Aug 8,@ Arizona/Aug 9,vs Colorado/Aug 10,vs Colorado/Aug 11,vs Colorado/Aug 12,vs Colorado/Aug 13,,vs Milwaukee/Aug 15,vs Milwaukee/Aug 16,vs Milwaukee/Aug 17,vs Miami/Aug 18,vs Miami/Aug 19,vs Miami/Aug 20,@ Cleveland/Aug 22,@ Cleveland/Aug 23,@ Cleveland/Aug 24,@ Boston/Aug 25,@ Boston/Aug 26,@ Boston/Aug 27,vs Arizona/Aug 28,vs Arizona/Aug 29,vs Arizona/Aug 30,vs Atlanta/Aug 31,vs Atlanta/Sep 1,vs Atlanta/Sep 2,vs Atlanta/Sep 3,@ Miami/Sep 5,@ Miami/Sep 6,@ Miami/Sep 7,@ Washington/Sep 8,@ Washington/Sep 9,@ Washington/Sep 10,vs San Diego/Sep 11,vs San Diego/Sep 12,vs San Diego/Sep 13,@ Seattle/Sep 15,@ Seattle/Sep 16,@ Seattle/Sep 17,vs Detroit/Sep 18,vs Detroit/Sep 19,vs Detroit/Sep 20,vs San Francisco/Sep 21,vs San Francisco/Sep 22,vs San Francisco/Sep 23,vs San Francisco/Sep 24,@ Colorado/Sep 26,@ Colorado/Sep 26,@ Colorado/Sep 27,@ Colorado/Sep 28,@ San Francisco/Sep 29,@ San Francisco/Sep 30,@ San Francisco/Oct 1
MIA,,,,,,,,,,,,,,,,,,,,,,,,,,,,,,,,,,,,,,,,,,,,,,,,,,,,,,,,,,,,,,,,,,,,,,,,,,,,,,,,,,,,,,,,,,,,,,,,,,,,,,,,,,,,,,,,,,,,,,,,,,,,,,,,,,,,,,,,,,,,,,,,,,,,,,,,,,,,,,,,,,,,,,,,,,,,,,,,,,,
MIA,vs N.Y. Mets/Mar 30,vs N.Y. Mets/Mar 31,vs N.Y. Mets/Apr 1,vs N.Y. Mets/Apr 2,vs Minnesota/Apr 3,vs Minnesota/Apr 4,vs Minnesota/Apr 5,@ N.Y. Mets/Apr 6,,@ N.Y. Mets/Apr 8,@ N.Y. Mets/Apr 9,@ Philadelphia/Apr 10,@ Philadelphia/Apr 11,@ Philadelphia/Apr 12,,vs Arizona/Apr 14,vs Arizona/Apr 15,vs Arizona/Apr 16,vs San Francisco/Apr 17,vs San Francisco/Apr 18,vs San Francisco/Apr 19,,@ Cleveland/Apr 21,@ Cleveland/Apr 22,@ Cleveland/Apr 23,@ Atlanta/Apr 24,@ Atlanta/Apr 25,@ Atlanta/Apr 26,@ Atlanta/Apr 27,vs Chi. Cubs/Apr 28,vs Chi. Cubs/Apr 29,vs Chi. Cubs/Apr 30,,vs Atlanta/May 2,vs Atlanta/May 3,vs Atlanta/May 4,@ Chi. Cubs/May 5,@ Chi. Cubs/May 6,@ Chi. Cubs/May 7,@ Arizona/May 8,@ Arizona/May 9,@ Arizona/May 10,,vs Cincinnati/May 12,vs Cincinnati/May 13,vs Cincinnati/May 14,,vs Washington/May 16,vs Washington/May 17,vs Washington/May 18,@ San Francisco/May 19,@ San Francisco/May 20,@ San Francisco/May 21,@ Colorado/May 22,@ Colorado/May 23,@ Colorado/May 24,@ Colorado/May 25,@ L.A. Angels/May 26,@ L.A. Angels/May 27,@ L.A. Angels/May 28,,vs San Diego/May 30,vs San Diego/May 31,vs San Diego/Jun 1,vs Oakland/Jun 2,vs Oakland/Jun 3,vs Oakland/Jun 4,vs Kansas City/Jun 5,vs Kansas City/Jun 6,vs Kansas City/Jun 7,,@ Chi. White Sox/Jun 9,@ Chi. White Sox/Jun 10,@ Chi. White Sox/Jun 11,@ Seattle/Jun 12,@ Seattle/Jun 13,@ Seattle/Jun 14,,@ Washington/Jun 16,@ Washington/Jun 17,@ Washington/Jun 18,vs Toronto/Jun 19,vs Toronto/Jun 20,vs Toronto/Jun 21,vs Pittsburgh/Jun 22,vs Pittsburgh/Jun 23,vs Pittsburgh/Jun 24,vs Pittsburgh/Jun 25,,@ Boston/Jun 27,@ Boston/Jun 28,@ Boston/Jun 29,@ Atlanta/Jun 30,@ Atlanta/Jul 1,@ Atlanta/Jul 2,vs St. Louis/Jul 3,vs St. Louis/Jul 4,vs St. Louis/Jul 5,vs St. Louis/Jul 6,vs Philadelphia/Jul 7,vs Philadelphia/Jul 8,vs Philadelphia/Jul 9,@ Baltimore/Jul 14,@ Baltimore/Jul 15,@ Baltimore/Jul 16,@ St. Louis/Jul 17,@ St. Louis/Jul 18,@ St. Louis/Jul 19,,vs Colorado/Jul 21,vs Colorado/Jul 22,vs Colorado/Jul 23,,@ Tampa Bay/Jul 25,@ Tampa Bay/Jul 26,,vs Detroit/Jul 28,vs Detroit/Jul 29,vs Detroit/Jul 30,vs Philadelphia/Jul 31,vs Philadelphia/Aug 1,vs Philadelphia/Aug 2,vs Philadelphia/Aug 3,@ Texas/Aug 4,@ Texas/Aug 5,@ Texas/Aug 6,@ Cincinnati/Aug 7,@ Cincinnati/Aug 8,@ Cincinnati/Aug 9,,vs N.Y. Yankees/Aug 11,vs N.Y. Yankees/Aug 12,vs N.Y. Yankees/Aug 13,vs Houston/Aug 14,vs Houston/Aug 15,vs Houston/Aug 16,,@ L.A. Dodgers/Aug 18,@ L.A. Dodgers/Aug 19,@ L.A. Dodgers/Aug 20,@ San Diego/Aug 21,@ San Diego/Aug 22,@ San Diego/Aug 23,vs Washington/Aug 25,vs Washington/Aug 26,vs Washington/Aug 27,vs Tampa Bay/Aug 29,vs Tampa Bay/Aug 30,@ Washington/Aug 31,@ Washington/Sep 1,@ Washington/Sep 2,@ Washington/Sep 3,vs L.A. Dodgers/Sep 5,vs L.A. Dodgers/Sep 6,vs L.A. Dodgers/Sep 7,@ Philadelphia/Sep 8,@ Philadelphia/Sep 9,@ Philadelphia/Sep 10,@ Milwaukee/Sep 11,@ Milwaukee/Sep 12,@ Milwaukee/Sep 13,@ Milwaukee/Sep 14,vs Atlanta/Sep 15,vs Atlanta/Sep 16,vs Atlanta/Sep 17,vs N.Y. Mets/Sep 18,vs N.Y. Mets/Sep 19,vs N.Y. Mets/Sep 20,vs Milwaukee/Sep 22,vs Milwaukee/Sep 23,vs Milwaukee/Sep 24,@ N.Y. Mets/Sep 26,@ N.Y. Mets/Sep 27,@ N.Y. Mets/Sep 28,@ Pittsburgh/Sep 29,@ Pittsburgh/Sep 30,@ Pittsburgh/Oct 1,,
MIL,,,,,,,,,,,,,,,,,,,,,,,,,,,,,,,,,,,,,,,,,,,,,,,,,,,,,,,,,,,,,,,,,,,,,,,,,,,,,,,,,,,,,,,,,,,,,,,,,,,,,,,,,,,,,,,,,,,,,,,,,,,,,,,,,,,,,,,,,,,,,,,,,,,,,,,,,,,,,,,,,,,,,,,,,,,,,,,,,,,
MIL,@ Chi. Cubs/Mar 30,,@ Chi. Cubs/Apr 1,@ Chi. Cubs/Apr 2,vs N.Y. Mets/Apr 3,vs N.Y. Mets/Apr 4,vs N.Y. Mets/Apr 5,,vs St. Louis/Apr 7,vs St. Louis/Apr 8,vs St. Louis/Apr 9,@ Arizona/Apr 10,@ Arizona/Apr 11,@ Arizona/Apr 12,@ San Diego/Apr 13,@ San Diego/Apr 14,@ San Diego/Apr 15,@ San Diego/Apr 16,@ Seattle/Apr 17,@ Seattle/Apr 18,@ Seattle/Apr 19,,vs Boston/Apr 21,vs Boston/Apr 22,vs Boston/Apr 23,vs Detroit/Apr 24,vs Detroit/Apr 25,vs Detroit/Apr 26,,vs L.A. Angels/Apr 28,vs L.A. Angels/Apr 29,vs L.A. Angels/Apr 30,,@ Colorado/May 2,@ Colorado/May 3,@ Colorado/May 4,@ San Francisco/May 5,@ San Francisco/May 6,@ San Francisco/May 7,vs L.A. Dodgers/May 8,vs L.A. Dodgers/May 9,vs L.A. Dodgers/May 10,,vs Kansas City/May 12,vs Kansas City/May 13,vs Kansas City/May 14,@ St. Louis/May 15,@ St. Louis/May 16,@ St. Louis/May 17,,@ Tampa Bay/May 19,@ Tampa Bay/May 20,@ Tampa Bay/May 21,vs Houston/May 22,vs Houston/May 23,vs Houston/May 24,vs San Francisco/May 25,vs San Francisco/May 26,vs San Francisco/May 27,vs San Francisco/May 28,@ Toronto/May 30,,@ Toronto/May 31,@ Toronto/Jun 1,@ Cincinnati/Jun 2,@ Cincinnati/Jun 3,@ Cincinnati/Jun 4,@ Cincinnati/Jun 5,vs Baltimore/Jun 6,vs Baltimore/Jun 7,vs Baltimore/Jun 8,vs Oakland/Jun 9,vs Oakland/Jun 10,vs Oakland/Jun 11,,@ Minnesota/Jun 13,@ Minnesota/Jun 14,,vs Pittsburgh/Jun 16,vs Pittsburgh/Jun 17,vs Pittsburgh/Jun 18,vs Arizona/Jun 19,vs Arizona/Jun 20,vs Arizona/Jun 21,,@ Cleveland/Jun 23,@ Cleveland/Jun 24,@ Cleveland/Jun 25,@ N.Y. Mets/Jun 26,@ N.Y. Mets/Jun 27,@ N.Y. Mets/Jun 28,@ N.Y. Mets/Jun 29,@ Pittsburgh/Jun 30,@ Pittsburgh/Jul 1,@ Pittsburgh/Jul 2,vs Chi. Cubs/Jul 3,vs Chi. Cubs/Jul 4,vs Chi. Cubs/Jul 5,vs Chi. Cubs/Jul 6,vs Cincinnati/Jul 7,vs Cincinnati/Jul 8,vs Cincinnati/Jul 9,@ Cincinnati/Jul 14,@ Cincinnati/Jul 15,@ Cincinnati/Jul 16,,@ Philadelphia/Jul 18,@ Philadelphia/Jul 19,@ Philadelphia/Jul 20,vs Atlanta/Jul 21,vs Atlanta/Jul 22,vs Atlanta/Jul 23,vs Cincinnati/Jul 24,vs Cincinnati/Jul 25,vs Cincinnati/Jul 26,,@ Atlanta/Jul 28,@ Atlanta/Jul 29,@ Atlanta/Jul 30,@ Washington/Jul 31,@ Washington/Aug 1,@ Washington/Aug 2,vs Pittsburgh/Aug 3,vs Pittsburgh/Aug 4,vs Pittsburgh/Aug 5,vs Pittsburgh/Aug 6,vs Colorado/Aug 7,vs Colorado/Aug 8,vs Colorado/Aug 9,,@ Chi. White Sox/Aug 11,@ Chi. White Sox/Aug 12,@ Chi. White Sox/Aug 13,,@ L.A. Dodgers/Aug 15,@ L.A. Dodgers/Aug 16,@ L.A. Dodgers/Aug 17,@ Texas/Aug 18,@ Texas/Aug 19,@ Texas/Aug 20,vs Minnesota/Aug 22,vs Minnesota/Aug 23,vs San Diego/Aug 25,vs San Diego/Aug 26,vs San Diego/Aug 27,@ Chi. Cubs/Aug 28,@ Chi. Cubs/Aug 29,@ Chi. Cubs/Aug 30,vs Philadelphia/Sep 1,vs Philadelphia/Sep 2,vs Philadelphia/Sep 3,@ Pittsburgh/Sep 4,@ Pittsburgh/Sep 5,@ Pittsburgh/Sep 6,@ N.Y. Yankees/Sep 8,@ N.Y. Yankees/Sep 9,@ N.Y. Yankees/Sep 10,vs Miami/Sep 11,vs Miami/Sep 12,vs Miami/Sep 13,vs Miami/Sep 14,vs Washington/Sep 15,vs Washington/Sep 16,vs Washington/Sep 17,@ St. Louis/Sep 18,@ St. Louis/Sep 19,@ St. Louis/Sep 20,@ St. Louis/Sep 21,@ Miami/Sep 22,@ Miami/Sep 23,@ Miami/Sep 24,vs St. Louis/Sep 26,vs St. Louis/Sep 27,vs St. Louis/Sep 28,vs Chi. Cubs/Sep 29,vs Chi. Cubs/Sep 30,vs Chi. Cubs/Oct 1,,
MIN,,,,,,,,,,,,,,,,,,,,,,,,,,,,,,,,,,,,,,,,,,,,,,,,,,,,,,,,,,,,,,,,,,,,,,,,,,,,,,,,,,,,,,,,,,,,,,,,,,,,,,,,,,,,,,,,,,,,,,,,,,,,,,,,,,,,,,,,,,,,,,,,,,,,,,,,,,,,,,,,,,,,,,,,,,,,,,,,,,,
MIN,@ Kansas City/Mar 30,,@ Kansas City/Apr 1,@ Kansas City/Apr 2,@ Miami/Apr 3,@ Miami/Apr 4,@ Miami/Apr 5,vs Houston/Apr 6,,vs Houston/Apr 8,vs Houston/Apr 9,vs Chi. White Sox/Apr 10,vs Chi. White Sox/Apr 11,vs Chi. White Sox/Apr 12,@ N.Y. Yankees/Apr 13,@ N.Y. Yankees/Apr 14,@ N.Y. Yankees/Apr 15,@ N.Y. Yankees/Apr 16,,@ Boston/Apr 18,@ Boston/Apr 19,@ Boston/Apr 20,vs Washington/Apr 21,vs Washington/Apr 22,vs Washington/Apr 23,vs N.Y. Yankees/Apr 24,vs N.Y. Yankees/Apr 25,vs N.Y. Yankees/Apr 26,vs Kansas City/Apr 27,vs Kansas City/Apr 28,vs Kansas City/Apr 29,vs Kansas City/Apr 30,,@ Chi. White Sox/May 2,@ Chi. White Sox/May 3,@ Chi. White Sox/May 4,@ Cleveland/May 5,@ Cleveland/May 6,@ Cleveland/May 7,,vs San Diego/May 9,vs San Diego/May 10,vs San Diego/May 11,vs Chi. Cubs/May 12,vs Chi. Cubs/May 13,vs Chi. Cubs/May 14,@ L.A. Dodgers/May 15,@ L.A. Dodgers/May 16,@ L.A. Dodgers/May 17,,@ L.A. Angels/May 19,@ L.A. Angels/May 20,@ L.A. Angels/May 21,vs San Francisco/May 22,vs San Francisco/May 23,vs San Francisco/May 24,,vs Toronto/May 26,vs Toronto/May 27,vs Toronto/May 28,@ Houston/May 29,@ Houston/May 30,@ Houston/May 31,vs Cleveland/Jun 1,vs Cleveland/Jun 2,vs Cleveland/Jun 3,vs Cleveland/Jun 4,,@ Tampa Bay/Jun 6,@ Tampa Bay/Jun 7,@ Tampa Bay/Jun 8,@ Toronto/Jun 9,@ Toronto/Jun 10,@ Toronto/Jun 11,,vs Milwaukee/Jun 13,vs Milwaukee/Jun 14,vs Detroit/Jun 15,vs Detroit/Jun 16,vs Detroit/Jun 17,vs Detroit/Jun 18,vs Boston/Jun 19,vs Boston/Jun 20,vs Boston/Jun 21,vs Boston/Jun 22,@ Detroit/Jun 23,@ Detroit/Jun 24,@ Detroit/Jun 25,@ Atlanta/Jun 26,@ Atlanta/Jun 27,@ Atlanta/Jun 28,,@ Baltimore/Jun 30,@ Baltimore/Jul 1,@ Baltimore/Jul 2,vs Kansas City/Jul 3,vs Kansas City/Jul 4,vs Kansas City/Jul 5,,vs Baltimore/Jul 7,vs Baltimore/Jul 8,vs Baltimore/Jul 9,@ Oakland/Jul 14,@ Oakland/Jul 15,@ Oakland/Jul 16,@ Seattle/Jul 17,@ Seattle/Jul 18,@ Seattle/Jul 19,@ Seattle/Jul 20,vs Chi. White Sox/Jul 21,vs Chi. White Sox/Jul 22,vs Chi. White Sox/Jul 23,vs Seattle/Jul 24,vs Seattle/Jul 25,vs Seattle/Jul 26,,@ Kansas City/Jul 28,@ Kansas City/Jul 29,@ Kansas City/Jul 30,,@ St. Louis/Aug 1,@ St. Louis/Aug 2,@ St. Louis/Aug 3,vs Arizona/Aug 4,vs Arizona/Aug 5,vs Arizona/Aug 6,@ Detroit/Aug 7,@ Detroit/Aug 8,@ Detroit/Aug 9,@ Detroit/Aug 10,@ Philadelphia/Aug 11,@ Philadelphia/Aug 12,@ Philadelphia/Aug 13,,vs Detroit/Aug 15,vs Detroit/Aug 16,,vs Pittsburgh/Aug 18,vs Pittsburgh/Aug 19,vs Pittsburgh/Aug 20,@ Milwaukee/Aug 22,@ Milwaukee/Aug 23,vs Texas/Aug 24,vs Texas/Aug 25,vs Texas/Aug 26,vs Texas/Aug 27,vs Cleveland/Aug 28,vs Cleveland/Aug 29,vs Cleveland/Aug 30,@ Texas/Sep 1,@ Texas/Sep 2,@ Texas/Sep 3,@ Cleveland/Sep 4,@ Cleveland/Sep 5,@ Cleveland/Sep 6,vs N.Y. Mets/Sep 8,vs N.Y. Mets/Sep 9,vs N.Y. Mets/Sep 10,vs Tampa Bay/Sep 11,vs Tampa Bay/Sep 12,vs Tampa Bay/Sep 13,@ Chi. White Sox/Sep 14,@ Chi. White Sox/Sep 15,@ Chi. White Sox/Sep 16,@ Chi. White Sox/Sep 17,@ Cincinnati/Sep 18,@ Cincinnati/Sep 19,@ Cincinnati/Sep 20,vs L.A. Angels/Sep 22,vs L.A. Angels/Sep 23,vs L.A. Angels/Sep 24,vs Oakland/Sep 26,vs Oakland/Sep 27,vs Oakland/Sep 28,@ Colorado/Sep 29,@ Colorado/Sep 30,@ Colorado/Oct 1,,
NYM,,,,,,,,,,,,,,,,,,,,,,,,,,,,,,,,,,,,,,,,,,,,,,,,,,,,,,,,,,,,,,,,,,,,,,,,,,,,,,,,,,,,,,,,,,,,,,,,,,,,,,,,,,,,,,,,,,,,,,,,,,,,,,,,,,,,,,,,,,,,,,,,,,,,,,,,,,,,,,,,,,,,,,,,,,,,,,,,,,,
NYM,@ Miami/Mar 30,@ Miami/Mar 31,@ Miami/Apr 1,@ Miami/Apr 2,@ Milwaukee/Apr 3,@ Milwaukee/Apr 4,@ Milwaukee/Apr 5,vs Miami/Apr 6,,vs Miami/Apr 8,vs Miami/Apr 9,vs San Diego/Apr 10,vs San Diego/Apr 11,vs San Diego/Apr 12,,@ Oakland/Apr 14,@ Oakland/Apr 15,@ Oakland/Apr 16,@ L.A. Dodgers/Apr 17,@ L.A. Dodgers/Apr 18,@ L.A. Dodgers/Apr 19,@ San Francisco/Apr 20,@ San Francisco/Apr 21,@ San Francisco/Apr 22,@ San Francisco/Apr 23,,vs Washington/Apr 25,vs Washington/Apr 26,vs Washington/Apr 27,vs Atlanta/Apr 28,vs Atlanta/Apr 29,vs Atlanta/Apr 30,vs Atlanta/May 1,@ Detroit/May 2,@ Detroit/May 3,@ Detroit/May 4,vs Colorado/May 5,vs Colorado/May 6,vs Colorado/May 7,,@ Cincinnati/May 9,@ Cincinnati/May 10,@ Cincinnati/May 11,@ Washington/May 12,@ Washington/May 13,@ Washington/May 14,@ Washington/May 15,vs Tampa Bay/May 16,vs Tampa Bay/May 17,vs Tampa Bay/May 18,vs Cleveland/May 19,vs Cleveland/May 20,vs Cleveland/May 21,,@ Chi. Cubs/May 23,@ Chi. Cubs/May 24,@ Chi. Cubs/May 25,@ Colorado/May 26,@ Colorado/May 27,@ Colorado/May 28,,vs Philadelphia/May 30,vs Philadelphia/May 31,vs Philadelphia/Jun 1,vs Toronto/Jun 2,vs Toronto/Jun 3,vs Toronto/Jun 4,,@ Atlanta/Jun 6,@ Atlanta/Jun 7,@ Atlanta/Jun 8,@ Pittsburgh/Jun 9,@ Pittsburgh/Jun 10,@ Pittsburgh/Jun 11,,vs N.Y. Yankees/Jun 13,vs N.Y. Yankees/Jun 14,,vs St. Louis/Jun 16,vs St. Louis/Jun 17,vs St. Louis/Jun 18,@ Houston/Jun 19,@ Houston/Jun 20,@ Houston/Jun 21,,@ Philadelphia/Jun 23,@ Philadelphia/Jun 24,@ Philadelphia/Jun 25,vs Milwaukee/Jun 26,vs Milwaukee/Jun 27,vs Milwaukee/Jun 28,vs Milwaukee/Jun 29,vs San Francisco/Jun 30,vs San Francisco/Jul 1,vs San Francisco/Jul 2,,@ Arizona/Jul 4,@ Arizona/Jul 5,@ Arizona/Jul 6,@ San Diego/Jul 7,@ San Diego/Jul 8,@ San Diego/Jul 9,vs L.A. Dodgers/Jul 14,vs L.A. Dodgers/Jul 15,vs L.A. Dodgers/Jul 16,,vs Chi. White Sox/Jul 18,vs Chi. White Sox/Jul 19,vs Chi. White Sox/Jul 20,@ Boston/Jul 21,@ Boston/Jul 22,@ Boston/Jul 23,,@ N.Y. Yankees/Jul 25,@ N.Y. Yankees/Jul 26,vs Washington/Jul 27,vs Washington/Jul 28,vs Washington/Jul 29,vs Washington/Jul 30,,@ Kansas City/Aug 1,@ Kansas City/Aug 2,@ Kansas City/Aug 3,@ Baltimore/Aug 4,@ Baltimore/Aug 5,@ Baltimore/Aug 6,vs Chi. Cubs/Aug 7,vs Chi. Cubs/Aug 8,vs Chi. Cubs/Aug 9,,vs Atlanta/Aug 11,vs Atlanta/Aug 12,vs Atlanta/Aug 13,vs Pittsburgh/Aug 14,vs Pittsburgh/Aug 15,vs Pittsburgh/Aug 16,@ St. Louis/Aug 17,@ St. Louis/Aug 18,@ St. Louis/Aug 19,@ St. Louis/Aug 20,@ Atlanta/Aug 21,@ Atlanta/Aug 22,@ Atlanta/Aug 23,vs L.A. Angels/Aug 25,vs L.A. Angels/Aug 26,vs L.A. Angels/Aug 27,vs Texas/Aug 28,vs Texas/Aug 29,vs Texas/Aug 30,vs Seattle/Sep 1,vs Seattle/Sep 2,vs Seattle/Sep 3,@ Washington/Sep 5,@ Washington/Sep 6,@ Minnesota/Sep 8,@ Minnesota/Sep 9,@ Minnesota/Sep 10,vs Arizona/Sep 11,vs Arizona/Sep 12,vs Arizona/Sep 13,vs Arizona/Sep 14,vs Cincinnati/Sep 15,vs Cincinnati/Sep 16,vs Cincinnati/Sep 17,@ Miami/Sep 18,@ Miami/Sep 19,@ Miami/Sep 20,@ Philadelphia/Sep 21,@ Philadelphia/Sep 22,@ Philadelphia/Sep 23,@ Philadelphia/Sep 24,vs Miami/Sep 26,vs Miami/Sep 27,vs Miami/Sep 28,vs Philadelphia/Sep 29,vs Philadelphia/Sep 30,vs Philadelphia/Oct 1,,
NYY,,,,,,,,,,,,,,,,,,,,,,,,,,,,,,,,,,,,,,,,,,,,,,,,,,,,,,,,,,,,,,,,,,,,,,,,,,,,,,,,,,,,,,,,,,,,,,,,,,,,,,,,,,,,,,,,,,,,,,,,,,,,,,,,,,,,,,,,,,,,,,,,,,,,,,,,,,,,,,,,,,,,,,,,,,,,,,,,,,,
NYY,vs San Francisco/Mar 30,,vs San Francisco/Apr 1,vs San Francisco/Apr 2,vs Philadelphia/Apr 3,vs Philadelphia/Apr 4,vs Philadelphia/Apr 5,@ Baltimore/Apr 6,,@ Baltimore/Apr 8,@ Baltimore/Apr 9,@ Cleveland/Apr 10,@ Cleveland/Apr 11,@ Cleveland/Apr 12,vs Minnesota/Apr 13,vs Minnesota/Apr 14,vs Minnesota/Apr 15,vs Minnesota/Apr 16,,vs L.A. Angels/Apr 18,vs L.A. Angels/Apr 19,vs L.A. Angels/Apr 20,vs Toronto/Apr 21,vs Toronto/Apr 22,vs Toronto/Apr 23,@ Minnesota/Apr 24,@ Minnesota/Apr 25,@ Minnesota/Apr 26,@ Texas/Apr 27,@ Texas/Apr 28,@ Texas/Apr 29,@ Texas/Apr 30,vs Cleveland/May 1,vs Cleveland/May 2,vs Cleveland/May 3,,@ Tampa Bay/May 5,@ Tampa Bay/May 6,@ Tampa Bay/May 7,vs Oakland/May 8,vs Oakland/May 9,vs Oakland/May 10,vs Tampa Bay/May 11,vs Tampa Bay/May 12,vs Tampa Bay/May 13,vs Tampa Bay/May 14,@ Toronto/May 15,@ Toronto/May 16,@ Toronto/May 17,@ Toronto/May 18,@ Cincinnati/May 19,@ Cincinnati/May 20,@ Cincinnati/May 21,,vs Baltimore/May 23,vs Baltimore/May 24,vs Baltimore/May 25,vs San Diego/May 26,vs San Diego/May 27,vs San Diego/May 28,@ Seattle/May 29,@ Seattle/May 30,@ Seattle/May 31,,@ L.A. Dodgers/Jun 2,@ L.A. Dodgers/Jun 3,@ L.A. Dodgers/Jun 4,,vs Chi. White Sox/Jun 6,vs Chi. White Sox/Jun 7,vs Chi. White Sox/Jun 8,vs Boston/Jun 9,vs Boston/Jun 10,vs Boston/Jun 11,,@ N.Y. Mets/Jun 13,@ N.Y. Mets/Jun 14,,@ Boston/Jun 16,@ Boston/Jun 17,@ Boston/Jun 18,,vs Seattle/Jun 20,vs Seattle/Jun 21,vs Seattle/Jun 22,vs Texas/Jun 23,vs Texas/Jun 24,vs Texas/Jun 25,,@ Oakland/Jun 27,@ Oakland/Jun 28,@ Oakland/Jun 29,@ St. Louis/Jun 30,@ St. Louis/Jul 1,@ St. Louis/Jul 2,vs Baltimore/Jul 3,vs Baltimore/Jul 4,vs Baltimore/Jul 5,vs Baltimore/Jul 6,vs Chi. Cubs/Jul 7,vs Chi. Cubs/Jul 8,vs Chi. Cubs/Jul 9,@ Colorado/Jul 14,@ Colorado/Jul 15,@ Colorado/Jul 16,@ L.A. Angels/Jul 17,@ L.A. Angels/Jul 18,@ L.A. Angels/Jul 19,,vs Kansas City/Jul 21,vs Kansas City/Jul 22,vs Kansas City/Jul 23,,vs N.Y. Mets/Jul 25,vs N.Y. Mets/Jul 26,,@ Baltimore/Jul 28,@ Baltimore/Jul 29,@ Baltimore/Jul 30,vs Tampa Bay/Jul 31,vs Tampa Bay/Aug 1,vs Tampa Bay/Aug 2,vs Houston/Aug 3,vs Houston/Aug 4,vs Houston/Aug 5,vs Houston/Aug 6,@ Chi. White Sox/Aug 7,@ Chi. White Sox/Aug 8,@ Chi. White Sox/Aug 9,,@ Miami/Aug 11,@ Miami/Aug 12,@ Miami/Aug 13,@ Atlanta/Aug 14,@ Atlanta/Aug 15,@ Atlanta/Aug 16,,vs Boston/Aug 18,vs Boston/Aug 19,vs Boston/Aug 20,vs Washington/Aug 22,vs Washington/Aug 23,vs Washington/Aug 24,@ Tampa Bay/Aug 25,@ Tampa Bay/Aug 26,@ Tampa Bay/Aug 27,@ Detroit/Aug 28,@ Detroit/Aug 29,@ Detroit/Aug 30,@ Detroit/Aug 31,@ Houston/Sep 1,@ Houston/Sep 2,@ Houston/Sep 3,vs Detroit/Sep 5,vs Detroit/Sep 6,vs Detroit/Sep 7,vs Milwaukee/Sep 8,vs Milwaukee/Sep 9,vs Milwaukee/Sep 10,@ Boston/Sep 11,@ Boston/Sep 12,@ Boston/Sep 13,@ Boston/Sep 14,@ Pittsburgh/Sep 15,@ Pittsburgh/Sep 16,@ Pittsburgh/Sep 17,vs Toronto/Sep 19,vs Toronto/Sep 20,vs Toronto/Sep 21,vs Arizona/Sep 22,vs Arizona/Sep 23,vs Arizona/Sep 24,@ Toronto/Sep 26,@ Toronto/Sep 27,@ Toronto/Sep 28,@ Kansas City/Sep 29,@ Kansas City/Sep 30,@ Kansas City/Oct 1,
OAK,,,,,,,,,,,,,,,,,,,,,,,,,,,,,,,,,,,,,,,,,,,,,,,,,,,,,,,,,,,,,,,,,,,,,,,,,,,,,,,,,,,,,,,,,,,,,,,,,,,,,,,,,,,,,,,,,,,,,,,,,,,,,,,,,,,,,,,,,,,,,,,,,,,,,,,,,,,,,,,,,,,,,,,,,,,,,,,,,,,
OAK,vs L.A. Angels/Mar 30,,vs L.A. Angels/Apr 1,vs L.A. Angels/Apr 2,vs Cleveland/Apr 3,vs Cleveland/Apr 4,vs Cleveland/Apr 5,,@ Tampa Bay/Apr 7,@ Tampa Bay/Apr 8,@ Tampa Bay/Apr 9,@ Baltimore/Apr 10,@ Baltimore/Apr 11,@ Baltimore/Apr 12,@ Baltimore/Apr 13,vs N.Y. Mets/Apr 14,vs N.Y. Mets/Apr 15,vs N.Y. Mets/Apr 16,vs Chi. Cubs/Apr 17,vs Chi. Cubs/Apr 18,vs Chi. Cubs/Apr 19,,@ Texas/Apr 21,@ Texas/Apr 22,@ Texas/Apr 23,@ L.A. Angels/Apr 24,@ L.A. Angels/Apr 25,@ L.A. Angels/Apr 26,@ L.A. Angels/Apr 27,vs Cincinnati/Apr 28,vs Cincinnati/Apr 29,vs Cincinnati/Apr 30,,vs Seattle/May 2,vs Seattle/May 3,vs Seattle/May 4,@ Kansas City/May 5,@ Kansas City/May 6,@ Kansas City/May 7,@ N.Y. Yankees/May 8,@ N.Y. Yankees/May 9,@ N.Y. Yankees/May 10,vs Texas/May 11,vs Texas/May 12,vs Texas/May 13,vs Texas/May 14,vs Arizona/May 15,vs Arizona/May 16,vs Arizona/May 17,,@ Houston/May 19,@ Houston/May 20,@ Houston/May 21,@ Seattle/May 22,@ Seattle/May 23,@ Seattle/May 24,@ Seattle/May 25,vs Houston/May 26,vs Houston/May 27,vs Houston/May 28,vs Atlanta/May 29,vs Atlanta/May 30,vs Atlanta/May 31,,@ Miami/Jun 2,@ Miami/Jun 3,@ Miami/Jun 4,@ Pittsburgh/Jun 5,@ Pittsburgh/Jun 6,@ Pittsburgh/Jun 7,,@ Milwaukee/Jun 9,@ Milwaukee/Jun 10,@ Milwaukee/Jun 11,vs Tampa Bay/Jun 12,vs Tampa Bay/Jun 13,vs Tampa Bay/Jun 14,vs Tampa Bay/Jun 15,vs Philadelphia/Jun 16,vs Philadelphia/Jun 17,vs Philadelphia/Jun 18,,@ Cleveland/Jun 20,@ Cleveland/Jun 21,@ Cleveland/Jun 22,@ Toronto/Jun 23,@ Toronto/Jun 24,@ Toronto/Jun 25,,vs N.Y. Yankees/Jun 27,vs N.Y. Yankees/Jun 28,vs N.Y. Yankees/Jun 29,vs Chi. White Sox/Jun 30,vs Chi. White Sox/Jul 1,vs Chi. White Sox/Jul 2,,@ Detroit/Jul 4,@ Detroit/Jul 5,@ Detroit/Jul 6,@ Boston/Jul 7,@ Boston/Jul 8,@ Boston/Jul 9,vs Minnesota/Jul 14,vs Minnesota/Jul 15,vs Minnesota/Jul 16,vs Boston/Jul 17,vs Boston/Jul 18,vs Boston/Jul 19,vs Houston/Jul 20,vs Houston/Jul 21,vs Houston/Jul 22,vs Houston/Jul 23,,@ San Francisco/Jul 25,@ San Francisco/Jul 26,,@ Colorado/Jul 28,@ Colorado/Jul 29,@ Colorado/Jul 30,,@ L.A. Dodgers/Aug 1,@ L.A. Dodgers/Aug 2,@ L.A. Dodgers/Aug 3,,vs San Francisco/Aug 5,vs San Francisco/Aug 6,vs Texas/Aug 7,vs Texas/Aug 8,vs Texas/Aug 9,,@ Washington/Aug 11,@ Washington/Aug 12,@ Washington/Aug 13,@ St. Louis/Aug 14,@ St. Louis/Aug 15,@ St. Louis/Aug 16,,vs Baltimore/Aug 18,vs Baltimore/Aug 19,vs Baltimore/Aug 20,vs Kansas City/Aug 21,vs Kansas City/Aug 22,vs Kansas City/Aug 23,@ Chi. White Sox/Aug 24,@ Chi. White Sox/Aug 25,@ Chi. White Sox/Aug 26,@ Chi. White Sox/Aug 27,@ Seattle/Aug 28,@ Seattle/Aug 29,@ Seattle/Aug 30,vs L.A. Angels/Sep 1,vs L.A. Angels/Sep 2,vs L.A. Angels/Sep 3,vs Toronto/Sep 4,vs Toronto/Sep 5,vs Toronto/Sep 6,@ Texas/Sep 8,@ Texas/Sep 9,@ Texas/Sep 10,@ Houston/Sep 11,@ Houston/Sep 12,@ Houston/Sep 13,vs San Diego/Sep 15,vs San Diego/Sep 16,vs San Diego/Sep 17,vs Seattle/Sep 18,vs Seattle/Sep 19,vs Seattle/Sep 20,vs Detroit/Sep 21,vs Detroit/Sep 22,vs Detroit/Sep 23,vs Detroit/Sep 24,@ Minnesota/Sep 26,@ Minnesota/Sep 27,@ Minnesota/Sep 28,@ L.A. Angels/Sep 29,@ L.A. Angels/Sep 30,@ L.A. Angels/Oct 1,
PHI,,,,,,,,,,,,,,,,,,,,,,,,,,,,,,,,,,,,,,,,,,,,,,,,,,,,,,,,,,,,,,,,,,,,,,,,,,,,,,,,,,,,,,,,,,,,,,,,,,,,,,,,,,,,,,,,,,,,,,,,,,,,,,,,,,,,,,,,,,,,,,,,,,,,,,,,,,,,,,,,,,,,,,,,,,,,,,,,,,,
PHI,@ Texas/Mar 30,,@ Texas/Apr 1,@ Texas/Apr 2,@ N.Y. Yankees/Apr 3,@ N.Y. Yankees/Apr 4,@ N.Y. Yankees/Apr 5,vs Cincinnati/Apr 6,,vs Cincinnati/Apr 8,vs Cincinnati/Apr 9,vs Miami/Apr 10,vs Miami/Apr 11,vs Miami/Apr 12,@ Cincinnati/Apr 13,@ Cincinnati/Apr 14,@ Cincinnati/Apr 15,@ Cincinnati/Apr 16,@ Chi. White Sox/Apr 17,@ Chi. White Sox/Apr 18,@ Chi. White Sox/Apr 19,vs Colorado/Apr 20,vs Colorado/Apr 21,vs Colorado/Apr 22,vs Colorado/Apr 23,,vs Seattle/Apr 25,vs Seattle/Apr 26,vs Seattle/Apr 27,@ Houston/Apr 28,@ Houston/Apr 29,@ Houston/Apr 30,@ L.A. Dodgers/May 1,@ L.A. Dodgers/May 2,@ L.A. Dodgers/May 3,,vs Boston/May 5,vs Boston/May 6,vs Boston/May 7,,vs Toronto/May 9,vs Toronto/May 10,,@ Colorado/May 12,@ Colorado/May 13,@ Colorado/May 14,@ San Francisco/May 15,@ San Francisco/May 16,@ San Francisco/May 17,,vs Chi. Cubs/May 19,vs Chi. Cubs/May 20,vs Chi. Cubs/May 21,vs Arizona/May 22,vs Arizona/May 23,vs Arizona/May 24,@ Atlanta/May 25,@ Atlanta/May 26,@ Atlanta/May 27,@ Atlanta/May 28,,@ N.Y. Mets/May 30,@ N.Y. Mets/May 31,@ N.Y. Mets/Jun 1,@ Washington/Jun 2,@ Washington/Jun 3,@ Washington/Jun 4,vs Detroit/Jun 5,vs Detroit/Jun 6,vs Detroit/Jun 7,,vs L.A. Dodgers/Jun 9,vs L.A. Dodgers/Jun 10,vs L.A. Dodgers/Jun 11,@ Arizona/Jun 12,@ Arizona/Jun 13,@ Arizona/Jun 14,@ Arizona/Jun 15,@ Oakland/Jun 16,@ Oakland/Jun 17,@ Oakland/Jun 18,,vs Atlanta/Jun 20,vs Atlanta/Jun 21,vs Atlanta/Jun 22,vs N.Y. Mets/Jun 23,vs N.Y. Mets/Jun 24,vs N.Y. Mets/Jun 25,,@ Chi. Cubs/Jun 27,@ Chi. Cubs/Jun 28,@ Chi. Cubs/Jun 29,vs Washington/Jun 30,vs Washington/Jul 1,vs Washington/Jul 2,,@ Tampa Bay/Jul 4,@ Tampa Bay/Jul 5,@ Tampa Bay/Jul 6,@ Miami/Jul 7,@ Miami/Jul 8,@ Miami/Jul 9,vs San Diego/Jul 14,vs San Diego/Jul 15 (DH),vs San Diego/Jul 16,,vs Milwaukee/Jul 18,vs Milwaukee/Jul 19,vs Milwaukee/Jul 20,@ Cleveland/Jul 21,@ Cleveland/Jul 22,@ Cleveland/Jul 23,vs Baltimore/Jul 24,vs Baltimore/Jul 25,vs Baltimore/Jul 26,,@ Pittsburgh/Jul 28,@ Pittsburgh/Jul 29,@ Pittsburgh/Jul 30,@ Miami/Jul 31,@ Miami/Aug 1,@ Miami/Aug 2,@ Miami/Aug 3,vs Kansas City/Aug 4,vs Kansas City/Aug 5,vs Kansas City/Aug 6,vs Washington/Aug 7,vs Washington/Aug 8,vs Washington/Aug 9,vs Washington/Aug 10,vs Minnesota/Aug 11,vs Minnesota/Aug 12,vs Minnesota/Aug 13,,@ Toronto/Aug 15,@ Toronto/Aug 16,,@ Washington/Aug 18,@ Washington/Aug 19,@ Washington/Aug 20,vs San Francisco/Aug 21,vs San Francisco/Aug 22,vs San Francisco/Aug 23,vs St. Louis/Aug 25,vs St. Louis/Aug 26,vs St. Louis/Aug 27,vs L.A. Angels/Aug 28,vs L.A. Angels/Aug 29,vs L.A. Angels/Aug 30,@ Milwaukee/Sep 1,@ Milwaukee/Sep 2,@ Milwaukee/Sep 3,@ San Diego/Sep 4,@ San Diego/Sep 5,@ San Diego/Sep 6,vs Miami/Sep 8,vs Miami/Sep 9,vs Miami/Sep 10,vs Atlanta/Sep 12,vs Atlanta/Sep 13,vs Atlanta/Sep 14,@ St. Louis/Sep 15,@ St. Louis/Sep 16,@ St. Louis/Sep 17,@ Atlanta/Sep 18,@ Atlanta/Sep 19,@ Atlanta/Sep 20,vs N.Y. Mets/Sep 21,vs N.Y. Mets/Sep 22,vs N.Y. Mets/Sep 23,vs N.Y. Mets/Sep 24,vs Pittsburgh/Sep 26,vs Pittsburgh/Sep 27,vs Pittsburgh/Sep 28,@ N.Y. Mets/Sep 29,@ N.Y. Mets/Sep 30,@ N.Y. Mets/Oct 1,,
PIT,,,,,,,,,,,,,,,,,,,,,,,,,,,,,,,,,,,,,,,,,,,,,,,,,,,,,,,,,,,,,,,,,,,,,,,,,,,,,,,,,,,,,,,,,,,,,,,,,,,,,,,,,,,,,,,,,,,,,,,,,,,,,,,,,,,,,,,,,,,,,,,,,,,,,,,,,,,,,,,,,,,,,,,,,,,,,,,,,,,
PIT,@ Cincinnati/Mar 30,,@ Cincinnati/Apr 1,@ Cincinnati/Apr 2,@ Boston/Apr 3,@ Boston/Apr 4,@ Boston/Apr 5,,vs Chi. White Sox/Apr 7,vs Chi. White Sox/Apr 8,vs Chi. White Sox/Apr 9,vs Houston/Apr 10,vs Houston/Apr 11,vs Houston/Apr 12,@ St. Louis/Apr 13,@ St. Louis/Apr 14,@ St. Louis/Apr 15,@ St. Louis/Apr 16,@ Colorado/Apr 17,@ Colorado/Apr 18,@ Colorado/Apr 19,vs Cincinnati/Apr 20,vs Cincinnati/Apr 21,vs Cincinnati/Apr 22,vs Cincinnati/Apr 23,,vs L.A. Dodgers/Apr 25,vs L.A. Dodgers/Apr 26,vs L.A. Dodgers/Apr 27,@ Washington/Apr 28,@ Washington/Apr 29,@ Washington/Apr 30,,@ Tampa Bay/May 2,@ Tampa Bay/May 3,@ Tampa Bay/May 4,vs Toronto/May 5,vs Toronto/May 6,vs Toronto/May 7,vs Colorado/May 8,vs Colorado/May 9,vs Colorado/May 10,,@ Baltimore/May 12,@ Baltimore/May 13,@ Baltimore/May 14,,@ Detroit/May 16,@ Detroit/May 17,,vs Arizona/May 19,vs Arizona/May 20,vs Arizona/May 21,vs Texas/May 22,vs Texas/May 23,vs Texas/May 24,,@ Seattle/May 26,@ Seattle/May 27,@ Seattle/May 28,@ San Francisco/May 29,@ San Francisco/May 30,@ San Francisco/May 31,,vs St. Louis/Jun 2,vs St. Louis/Jun 3,vs St. Louis/Jun 4,vs Oakland/Jun 5,vs Oakland/Jun 6,vs Oakland/Jun 7,,vs N.Y. Mets/Jun 9,vs N.Y. Mets/Jun 10,vs N.Y. Mets/Jun 11,,@ Chi. Cubs/Jun 13,@ Chi. Cubs/Jun 14,@ Chi. Cubs/Jun 15,@ Milwaukee/Jun 16,@ Milwaukee/Jun 17,@ Milwaukee/Jun 18,vs Chi. Cubs/Jun 19,vs Chi. Cubs/Jun 20,vs Chi. Cubs/Jun 21,@ Miami/Jun 22,@ Miami/Jun 23,@ Miami/Jun 24,@ Miami/Jun 25,,vs San Diego/Jun 27,vs San Diego/Jun 28,vs San Diego/Jun 29,vs Milwaukee/Jun 30,vs Milwaukee/Jul 1,vs Milwaukee/Jul 2,@ L.A. Dodgers/Jul 3,@ L.A. Dodgers/Jul 4,@ L.A. Dodgers/Jul 5,@ L.A. Dodgers/Jul 6,@ Arizona/Jul 7,@ Arizona/Jul 8,@ Arizona/Jul 9,vs San Francisco/Jul 14,vs San Francisco/Jul 15,vs San Francisco/Jul 16,vs Cleveland/Jul 17,vs Cleveland/Jul 18,vs Cleveland/Jul 19,,@ L.A. Angels/Jul 21,@ L.A. Angels/Jul 22,@ L.A. Angels/Jul 23,@ San Diego/Jul 24,@ San Diego/Jul 25,@ San Diego/Jul 26,,vs Philadelphia/Jul 28,vs Philadelphia/Jul 29,vs Philadelphia/Jul 30,,vs Detroit/Aug 1,vs Detroit/Aug 2,@ Milwaukee/Aug 3,@ Milwaukee/Aug 4,@ Milwaukee/Aug 5,@ Milwaukee/Aug 6,vs Atlanta/Aug 7,vs Atlanta/Aug 8,vs Atlanta/Aug 9,vs Atlanta/Aug 10,vs Cincinnati/Aug 11,vs Cincinnati/Aug 12,vs Cincinnati/Aug 13,@ N.Y. Mets/Aug 14,@ N.Y. Mets/Aug 15,@ N.Y. Mets/Aug 16,,@ Minnesota/Aug 18,@ Minnesota/Aug 19,@ Minnesota/Aug 20,vs St. Louis/Aug 21,vs St. Louis/Aug 22,vs St. Louis/Aug 23,vs Chi. Cubs/Aug 24,vs Chi. Cubs/Aug 25,vs Chi. Cubs/Aug 26,vs Chi. Cubs/Aug 27,@ Kansas City/Aug 28,@ Kansas City/Aug 29,@ Kansas City/Aug 30,@ St. Louis/Sep 1,@ St. Louis/Sep 2,@ St. Louis/Sep 3,vs Milwaukee/Sep 4,vs Milwaukee/Sep 5,vs Milwaukee/Sep 6,@ Atlanta/Sep 8,@ Atlanta/Sep 9,@ Atlanta/Sep 10,vs Washington/Sep 11,vs Washington/Sep 12,vs Washington/Sep 13,vs Washington/Sep 14,vs N.Y. Yankees/Sep 15,vs N.Y. Yankees/Sep 16,vs N.Y. Yankees/Sep 17,@ Chi. Cubs/Sep 19,@ Chi. Cubs/Sep 20,@ Chi. Cubs/Sep 21,@ Cincinnati/Sep 22,@ Cincinnati/Sep 23,@ Cincinnati/Sep 24,@ Philadelphia/Sep 26,@ Philadelphia/Sep 27,@ Philadelphia/Sep 28,vs Miami/Sep 29,vs Miami/Sep 30,vs Miami/Oct 1,
SD,,,,,,,,,,,,,,,,,,,,,,,,,,,,,,,,,,,,,,,,,,,,,,,,,,,,,,,,,,,,,,,,,,,,,,,,,,,,,,,,,,,,,,,,,,,,,,,,,,,,,,,,,,,,,,,,,,,,,,,,,,,,,,,,,,,,,,,,,,,,,,,,,,,,,,,,,,,,,,,,,,,,,,,,,,,,,,,,,,,
SD,vs Colorado/Mar 30,vs Colorado/Mar 31,vs Colorado/Apr 1,vs Colorado/Apr 2,vs Arizona/Apr 3,vs Arizona/Apr 4,,@ Atlanta/Apr 6,@ Atlanta/Apr 7,@ Atlanta/Apr 8,@ Atlanta/Apr 9,@ N.Y. Mets/Apr 10,@ N.Y. Mets/Apr 11,@ N.Y. Mets/Apr 12,vs Milwaukee/Apr 13,vs Milwaukee/Apr 14,vs Milwaukee/Apr 15,vs Milwaukee/Apr 16,vs Atlanta/Apr 17,vs Atlanta/Apr 18,vs Atlanta/Apr 19,@ Arizona/Apr 20,@ Arizona/Apr 21,@ Arizona/Apr 22,@ Arizona/Apr 23,,@ Chi. Cubs/Apr 25,@ Chi. Cubs/Apr 26,@ Chi. Cubs/Apr 27,,vs San Francisco/Apr 29,vs San Francisco/Apr 30,vs Cincinnati/May 1,vs Cincinnati/May 2,vs Cincinnati/May 3,,vs L.A. Dodgers/May 5,vs L.A. Dodgers/May 6,vs L.A. Dodgers/May 7,,@ Minnesota/May 9,@ Minnesota/May 10,@ Minnesota/May 11,@ L.A. Dodgers/May 12,@ L.A. Dodgers/May 13,@ L.A. Dodgers/May 14,vs Kansas City/May 15,vs Kansas City/May 16,vs Kansas City/May 17,,vs Boston/May 19,vs Boston/May 20,vs Boston/May 21,,@ Washington/May 23,@ Washington/May 24,@ Washington/May 25,@ N.Y. Yankees/May 26,@ N.Y. Yankees/May 27,@ N.Y. Yankees/May 28,,@ Miami/May 30,@ Miami/May 31,@ Miami/Jun 1,vs Chi. Cubs/Jun 2,vs Chi. Cubs/Jun 3,vs Chi. Cubs/Jun 4,vs Chi. Cubs/Jun 5,vs Seattle/Jun 6,vs Seattle/Jun 7,,@ Colorado/Jun 9,@ Colorado/Jun 10,@ Colorado/Jun 11,,vs Cleveland/Jun 13,vs Cleveland/Jun 14,vs Cleveland/Jun 15,vs Tampa Bay/Jun 16,vs Tampa Bay/Jun 17,vs Tampa Bay/Jun 18,@ San Francisco/Jun 19,@ San Francisco/Jun 20,@ San Francisco/Jun 21,@ San Francisco/Jun 22,vs Washington/Jun 23,vs Washington/Jun 24,vs Washington/Jun 25,,@ Pittsburgh/Jun 27,@ Pittsburgh/Jun 28,@ Pittsburgh/Jun 29,@ Cincinnati/Jun 30,@ Cincinnati/Jul 1,@ Cincinnati/Jul 2,vs L.A. Angels/Jul 3,vs L.A. Angels/Jul 4,vs L.A. Angels/Jul 5,,vs N.Y. Mets/Jul 7,vs N.Y. Mets/Jul 8,vs N.Y. Mets/Jul 9,@ Philadelphia/Jul 14,at Philadelphia/Jul 15 (DH),@ Philadelphia/Jul 16,,@ Toronto/Jul 18,@ Toronto/Jul 19,@ Toronto/Jul 20,@ Detroit/Jul 21,@ Detroit/Jul 22,@ Detroit/Jul 23,vs Pittsburgh/Jul 24,vs Pittsburgh/Jul 25,vs Pittsburgh/Jul 26,,vs Texas/Jul 28,vs Texas/Jul 29,vs Texas/Jul 30,@ Colorado/Jul 31,@ Colorado/Aug 1,@ Colorado/Aug 2,,vs L.A. Dodgers/Aug 4,vs L.A. Dodgers/Aug 5,vs L.A. Dodgers/Aug 6,vs L.A. Dodgers/Aug 7,@ Seattle/Aug 8,@ Seattle/Aug 9,,@ Arizona/Aug 11,@ Arizona/Aug 12,@ Arizona/Aug 13,vs Baltimore/Aug 14,vs Baltimore/Aug 15,vs Baltimore/Aug 16,vs Arizona/Aug 17,vs Arizona/Aug 18,vs Arizona/Aug 19,vs Arizona/Aug 20,vs Miami/Aug 21,vs Miami/Aug 22,vs Miami/Aug 23,@ Milwaukee/Aug 25,@ Milwaukee/Aug 26,@ Milwaukee/Aug 27,@ St. Louis/Aug 28,@ St. Louis/Aug 29,@ St. Louis/Aug 30,vs San Francisco/Aug 31,vs San Francisco/Sep 1,vs San Francisco/Sep 2,vs San Francisco/Sep 3,vs Philadelphia/Sep 4,vs Philadelphia/Sep 5,vs Philadelphia/Sep 6,@ Houston/Sep 8,@ Houston/Sep 9,@ Houston/Sep 10,@ L.A. Dodgers/Sep 11,@ L.A. Dodgers/Sep 12,@ L.A. Dodgers/Sep 13,@ Oakland/Sep 15,@ Oakland/Sep 16,@ Oakland/Sep 17,vs Colorado/Sep 18,vs Colorado/Sep 19,vs Colorado/Sep 20,vs St. Louis/Sep 22,vs St. Louis/Sep 23,vs St. Louis/Sep 24,@ San Francisco/Sep 25,@ San Francisco/Sep 26,@ San Francisco/Sep 27,@ Chi. White Sox/Sep 29,@ Chi. White Sox/Sep 30,@ Chi. White Sox/Oct 1,,
SEA,,,,,,,,,,,,,,,,,,,,,,,,,,,,,,,,,,,,,,,,,,,,,,,,,,,,,,,,,,,,,,,,,,,,,,,,,,,,,,,,,,,,,,,,,,,,,,,,,,,,,,,,,,,,,,,,,,,,,,,,,,,,,,,,,,,,,,,,,,,,,,,,,,,,,,,,,,,,,,,,,,,,,,,,,,,,,,,,,,,
SEA,vs Cleveland/Mar 30,vs Cleveland/Mar 31,vs Cleveland/Apr 1,vs Cleveland/Apr 2,vs L.A. Angels/Apr 3,vs L.A. Angels/Apr 4,vs L.A. Angels/Apr 5,,@ Cleveland/Apr 7,@ Cleveland/Apr 8,@ Cleveland/Apr 9,@ Chi. Cubs/Apr 10,@ Chi. Cubs/Apr 11,@ Chi. Cubs/Apr 12,,vs Colorado/Apr 14,vs Colorado/Apr 15,vs Colorado/Apr 16,vs Milwaukee/Apr 17,vs Milwaukee/Apr 18,vs Milwaukee/Apr 19,,vs St. Louis/Apr 21,vs St. Louis/Apr 22,vs St. Louis/Apr 23,,@ Philadelphia/Apr 25,@ Philadelphia/Apr 26,@ Philadelphia/Apr 27,@ Toronto/Apr 28,@ Toronto/Apr 29,@ Toronto/Apr 30,,@ Oakland/May 2,@ Oakland/May 3,@ Oakland/May 4,vs Houston/May 5,vs Houston/May 6,vs Houston/May 7,vs Texas/May 8,vs Texas/May 9,vs Texas/May 10,,@ Detroit/May 12,@ Detroit/May 13,@ Detroit/May 14,@ Boston/May 15,@ Boston/May 16,@ Boston/May 17,,@ Atlanta/May 19,@ Atlanta/May 20,@ Atlanta/May 21,vs Oakland/May 22,vs Oakland/May 23,vs Oakland/May 24,vs Oakland/May 25,vs Pittsburgh/May 26,vs Pittsburgh/May 27,vs Pittsburgh/May 28,vs N.Y. Yankees/May 29,vs N.Y. Yankees/May 30,vs N.Y. Yankees/May 31,,@ Texas/Jun 2,@ Texas/Jun 3,@ Texas/Jun 4,,@ San Diego/Jun 6,@ San Diego/Jun 7,,@ L.A. Angels/Jun 9,@ L.A. Angels/Jun 10,@ L.A. Angels/Jun 11,vs Miami/Jun 12,vs Miami/Jun 13,vs Miami/Jun 14,,vs Chi. White Sox/Jun 16,vs Chi. White Sox/Jun 17,vs Chi. White Sox/Jun 18,,@ N.Y. Yankees/Jun 20,@ N.Y. Yankees/Jun 21,@ N.Y. Yankees/Jun 22,@ Baltimore/Jun 23,@ Baltimore/Jun 24,@ Baltimore/Jun 25,vs Washington/Jun 26,vs Washington/Jun 27,vs Washington/Jun 28,,vs Tampa Bay/Jun 30,vs Tampa Bay/Jul 1,vs Tampa Bay/Jul 2,@ San Francisco/Jul 3,@ San Francisco/Jul 4,@ San Francisco/Jul 5,@ Houston/Jul 6,@ Houston/Jul 7,@ Houston/Jul 8,@ Houston/Jul 9,vs Detroit/Jul 14,vs Detroit/Jul 15,vs Detroit/Jul 16,vs Minnesota/Jul 17,vs Minnesota/Jul 18,vs Minnesota/Jul 19,vs Minnesota/Jul 20,vs Toronto/Jul 21,vs Toronto/Jul 22,vs Toronto/Jul 23,@ Minnesota/Jul 24,@ Minnesota/Jul 25,@ Minnesota/Jul 26,,@ Arizona/Jul 28,@ Arizona/Jul 29,@ Arizona/Jul 30,vs Boston/Jul 31,vs Boston/Aug 1,vs Boston/Aug 2,@ L.A. Angels/Aug 3,@ L.A. Angels/Aug 4,@ L.A. Angels/Aug 5,@ L.A. Angels/Aug 6,,vs San Diego/Aug 8,vs San Diego/Aug 9,,vs Baltimore/Aug 11,vs Baltimore/Aug 12,vs Baltimore/Aug 13,@ Kansas City/Aug 14,@ Kansas City/Aug 15,@ Kansas City/Aug 16,@ Kansas City/Aug 17,@ Houston/Aug 18,@ Houston/Aug 19,@ Houston/Aug 20,@ Chi. White Sox/Aug 21,@ Chi. White Sox/Aug 22,@ Chi. White Sox/Aug 23,vs Kansas City/Aug 25,vs Kansas City/Aug 26,vs Kansas City/Aug 27,vs Oakland/Aug 28,vs Oakland/Aug 29,vs Oakland/Aug 30,@ N.Y. Mets/Sep 1,@ N.Y. Mets/Sep 2,@ N.Y. Mets/Sep 3,@ Cincinnati/Sep 4,@ Cincinnati/Sep 5,@ Cincinnati/Sep 6,@ Tampa Bay/Sep 7,@ Tampa Bay/Sep 8,@ Tampa Bay/Sep 9,@ Tampa Bay/Sep 10,vs L.A. Angels/Sep 11,vs L.A. Angels/Sep 12,vs L.A. Angels/Sep 13,vs L.A. Dodgers/Sep 15,vs L.A. Dodgers/Sep 16,vs L.A. Dodgers/Sep 17,@ Oakland/Sep 18,@ Oakland/Sep 19,@ Oakland/Sep 20,@ Texas/Sep 22,@ Texas/Sep 23,@ Texas/Sep 24,vs Houston/Sep 25,vs Houston/Sep 26,vs Houston/Sep 27,vs Texas/Sep 28,vs Texas/Sep 29,vs Texas/Sep 30,vs Texas/Oct 1,
SF,,,,,,,,,,,,,,,,,,,,,,,,,,,,,,,,,,,,,,,,,,,,,,,,,,,,,,,,,,,,,,,,,,,,,,,,,,,,,,,,,,,,,,,,,,,,,,,,,,,,,,,,,,,,,,,,,,,,,,,,,,,,,,,,,,,,,,,,,,,,,,,,,,,,,,,,,,,,,,,,,,,,,,,,,,,,,,,,,,,
SF,@ N.Y. Yankees/Mar 30,,@ N.Y. Yankees/Apr 1,@ N.Y. Yankees/Apr 2,@ Chi. White Sox/Apr 3,,@ Chi. White Sox/Apr 5,@ Chi. White Sox/Apr 6,vs Kansas City/Apr 7,vs Kansas City/Apr 8,vs Kansas City/Apr 9,vs L.A. Dodgers/Apr 10,vs L.A. Dodgers/Apr 11,vs L.A. Dodgers/Apr 12,,@ Detroit/Apr 14,@ Detroit/Apr 15,@ Detroit/Apr 16,@ Miami/Apr 17,@ Miami/Apr 18,@ Miami/Apr 19,vs N.Y. Mets/Apr 20,vs N.Y. Mets/Apr 21,vs N.Y. Mets/Apr 22,vs N.Y. Mets/Apr 23,vs St. Louis/Apr 24,vs St. Louis/Apr 25,vs St. Louis/Apr 26,vs St. Louis/Apr 27,,@ San Diego/Apr 29,@ San Diego/Apr 30,@ Houston/May 1,@ Houston/May 2,@ Houston/May 3,,vs Milwaukee/May 5,vs Milwaukee/May 6,vs Milwaukee/May 7,vs Washington/May 8,vs Washington/May 9,vs Washington/May 10,@ Arizona/May 11,@ Arizona/May 12,@ Arizona/May 13,@ Arizona/May 14,vs Philadelphia/May 15,vs Philadelphia/May 16,vs Philadelphia/May 17,,vs Miami/May 19,vs Miami/May 20,vs Miami/May 21,@ Minnesota/May 22,@ Minnesota/May 23,@ Minnesota/May 24,@ Milwaukee/May 25,@ Milwaukee/May 26,@ Milwaukee/May 27,@ Milwaukee/May 28,vs Pittsburgh/May 29,vs Pittsburgh/May 30,vs Pittsburgh/May 31,,vs Baltimore/Jun 2,vs Baltimore/Jun 3,vs Baltimore/Jun 4,,@ Colorado/Jun 6,@ Colorado/Jun 7,@ Colorado/Jun 8,vs Chi. Cubs/Jun 9,vs Chi. Cubs/Jun 10,vs Chi. Cubs/Jun 11,@ St. Louis/Jun 12,@ St. Louis/Jun 13,@ St. Louis/Jun 14,,@ L.A. Dodgers/Jun 16,@ L.A. Dodgers/Jun 17,@ L.A. Dodgers/Jun 18,vs San Diego/Jun 19,vs San Diego/Jun 20,vs San Diego/Jun 21,vs San Diego/Jun 22,vs Arizona/Jun 23,vs Arizona/Jun 24,vs Arizona/Jun 25,,@ Toronto/Jun 27,@ Toronto/Jun 28,@ Toronto/Jun 29,@ N.Y. Mets/Jun 30,@ N.Y. Mets/Jul 1,@ N.Y. Mets/Jul 2,vs Seattle/Jul 3,vs Seattle/Jul 4,vs Seattle/Jul 5,,vs Colorado/Jul 7,vs Colorado/Jul 8,vs Colorado/Jul 9,@ Pittsburgh/Jul 14,@ Pittsburgh/Jul 15,@ Pittsburgh/Jul 16,@ Cincinnati/Jul 17,@ Cincinnati/Jul 18,@ Cincinnati/Jul 19,@ Cincinnati/Jul 20,@ Washington/Jul 21,@ Washington/Jul 22,@ Washington/Jul 23,,vs Oakland/Jul 25,vs Oakland/Jul 26,,vs Boston/Jul 28,vs Boston/Jul 29,vs Boston/Jul 30,vs Arizona/Jul 31,vs Arizona/Aug 1,vs Arizona/Aug 2,vs Arizona/Aug 3,@ Oakland/Aug 5,,@ Oakland/Aug 6,@ L.A. Angels/Aug 7,@ L.A. Angels/Aug 8,@ L.A. Angels/Aug 9,,vs Texas/Aug 11,vs Texas/Aug 12,vs Texas/Aug 13,vs Tampa Bay/Aug 14,vs Tampa Bay/Aug 15,vs Tampa Bay/Aug 16,,@ Atlanta/Aug 18,@ Atlanta/Aug 19,@ Atlanta/Aug 20,@ Philadelphia/Aug 21,@ Philadelphia/Aug 22,@ Philadelphia/Aug 23,vs Atlanta/Aug 25,vs Atlanta/Aug 26,vs Atlanta/Aug 27,vs Cincinnati/Aug 28,vs Cincinnati/Aug 29,vs Cincinnati/Aug 30,@ San Diego/Aug 31,@ San Diego/Sep 1,@ San Diego/Sep 2,@ San Diego/Sep 3,@ Chi. Cubs/Sep 4,@ Chi. Cubs/Sep 5,@ Chi. Cubs/Sep 6,vs Colorado/Sep 8,vs Colorado/Sep 9,vs Colorado/Sep 10,vs Cleveland/Sep 11,vs Cleveland/Sep 12,vs Cleveland/Sep 13,@ Colorado/Sep 14,@ Colorado/Sep 15,@ Colorado/Sep 16,@ Colorado/Sep 17,@ Arizona/Sep 19,@ Arizona/Sep 20,@ L.A. Dodgers/Sep 21,@ L.A. Dodgers/Sep 22,@ L.A. Dodgers/Sep 23,@ L.A. Dodgers/Sep 24,vs San Diego/Sep 25,vs San Diego/Sep 26,vs San Diego/Sep 27,vs L.A. Dodgers/Sep 29,vs L.A. Dodgers/Sep 30,vs L.A. Dodgers/Oct 1,
STL,,,,,,,,,,,,,,,,,,,,,,,,,,,,,,,,,,,,,,,,,,,,,,,,,,,,,,,,,,,,,,,,,,,,,,,,,,,,,,,,,,,,,,,,,,,,,,,,,,,,,,,,,,,,,,,,,,,,,,,,,,,,,,,,,,,,,,,,,,,,,,,,,,,,,,,,,,,,,,,,,,,,,,,,,,,,,,,,,,,
STL,vs Toronto/Mar 30,,vs Toronto/Apr 1,vs Toronto/Apr 2,vs Atlanta/Apr 3,vs Atlanta/Apr 4,vs Atlanta/Apr 5,,@ Milwaukee/Apr 7,@ Milwaukee/Apr 8,@ Milwaukee/Apr 9,@ Colorado/Apr 10,@ Colorado/Apr 11,@ Colorado/Apr 12,vs Pittsburgh/Apr 13,vs Pittsburgh/Apr 14,vs Pittsburgh/Apr 15,vs Pittsburgh/Apr 16,vs Arizona/Apr 17,vs Arizona/Apr 18,vs Arizona/Apr 19,,@ Seattle/Apr 21,@ Seattle/Apr 22,@ Seattle/Apr 23,@ San Francisco/Apr 24,@ San Francisco/Apr 25,@ San Francisco/Apr 26,@ San Francisco/Apr 27,@ L.A. Dodgers/Apr 28,@ L.A. Dodgers/Apr 29,@ L.A. Dodgers/Apr 30,,vs L.A. Angels/May 2,vs L.A. Angels/May 3,vs L.A. Angels/May 4,vs Detroit/May 5,vs Detroit/May 6,vs Detroit/May 7,@ Chi. Cubs/May 8,@ Chi. Cubs/May 9,@ Chi. Cubs/May 10,,@ Boston/May 12,@ Boston/May 13,@ Boston/May 14,vs Milwaukee/May 15,vs Milwaukee/May 16,vs Milwaukee/May 17,vs L.A. Dodgers/May 18,vs L.A. Dodgers/May 19,vs L.A. Dodgers/May 20,vs L.A. Dodgers/May 21,@ Cincinnati/May 22,@ Cincinnati/May 23,@ Cincinnati/May 24,@ Cincinnati/May 25,@ Cleveland/May 26,@ Cleveland/May 27,@ Cleveland/May 28,vs Kansas City/May 29,vs Kansas City/May 30,,,@ Pittsburgh/Jun 2,@ Pittsburgh/Jun 3,@ Pittsburgh/Jun 4,@ Texas/Jun 5,@ Texas/Jun 6,@ Texas/Jun 7,,vs Cincinnati/Jun 9,vs Cincinnati/Jun 10,vs Cincinnati/Jun 11,vs San Francisco/Jun 12,vs San Francisco/Jun 13,vs San Francisco/Jun 14,,@ N.Y. Mets/Jun 16,@ N.Y. Mets/Jun 17,@ N.Y. Mets/Jun 18,@ Washington/Jun 19,@ Washington/Jun 20,@ Washington/Jun 21,,,vs Chi. Cubs/Jun 24,vs Chi. Cubs/Jun 25,,vs Houston/Jun 27,vs Houston/Jun 28,vs Houston/Jun 29,vs N.Y. Yankees/Jun 30,vs N.Y. Yankees/Jul 1,vs N.Y. Yankees/Jul 2,@ Miami/Jul 3,@ Miami/Jul 4,@ Miami/Jul 5,@ Miami/Jul 6,@ Chi. White Sox/Jul 7,@ Chi. White Sox/Jul 8,@ Chi. White Sox/Jul 9,vs Washington/Jul 14,vs Washington/Jul 15,vs Washington/Jul 16,vs Miami/Jul 17,vs Miami/Jul 18,vs Miami/Jul 19,@ Chi. Cubs/Jul 20,@ Chi. Cubs/Jul 21,@ Chi. Cubs/Jul 22,@ Chi. Cubs/Jul 23,@ Arizona/Jul 24,@ Arizona/Jul 25,@ Arizona/Jul 26,vs Chi. Cubs/Jul 27,vs Chi. Cubs/Jul 28,vs Chi. Cubs/Jul 29,vs Chi. Cubs/Jul 30,,vs Minnesota/Aug 1,vs Minnesota/Aug 2,vs Minnesota/Aug 3,vs Colorado/Aug 4,vs Colorado/Aug 5,vs Colorado/Aug 6,,@ Tampa Bay/Aug 8,@ Tampa Bay/Aug 9,@ Tampa Bay/Aug 10,@ Kansas City/Aug 11,@ Kansas City/Aug 12,,vs Oakland/Aug 14,vs Oakland/Aug 15,vs Oakland/Aug 16,vs N.Y. Mets/Aug 17,vs N.Y. Mets/Aug 18,vs N.Y. Mets/Aug 19,vs N.Y. Mets/Aug 20,@ Pittsburgh/Aug 21,@ Pittsburgh/Aug 22,@ Pittsburgh/Aug 23,@ Philadelphia/Aug 25,@ Philadelphia/Aug 26,@ Philadelphia/Aug 27,vs San Diego/Aug 28,vs San Diego/Aug 29,vs San Diego/Aug 30,vs Pittsburgh/Sep 1,vs Pittsburgh/Sep 2,vs Pittsburgh/Sep 3,@ Atlanta/Sep 5,@ Atlanta/Sep 6,@ Atlanta/Sep 7,@ Cincinnati/Sep 8,@ Cincinnati/Sep 9,@ Cincinnati/Sep 10,@ Baltimore/Sep 11,@ Baltimore/Sep 12,@ Baltimore/Sep 13,vs Philadelphia/Sep 15,vs Philadelphia/Sep 16,vs Philadelphia/Sep 17,vs Milwaukee/Sep 18,vs Milwaukee/Sep 19,vs Milwaukee/Sep 20,vs Milwaukee/Sep 21,@ San Diego/Sep 22,@ San Diego/Sep 23,@ San Diego/Sep 24,@ Milwaukee/Sep 26,@ Milwaukee/Sep 27,@ Milwaukee/Sep 28,vs Cincinnati/Sep 29,vs Cincinnati/Sep 30,vs Cincinnati/Oct 1,,
TB,,,,,,,,,,,,,,,,,,,,,,,,,,,,,,,,,,,,,,,,,,,,,,,,,,,,,,,,,,,,,,,,,,,,,,,,,,,,,,,,,,,,,,,,,,,,,,,,,,,,,,,,,,,,,,,,,,,,,,,,,,,,,,,,,,,,,,,,,,,,,,,,,,,,,,,,,,,,,,,,,,,,,,,,,,,,,,,,,,,
TB,vs Detroit/Mar 30,,vs Detroit/Apr 1,vs Detroit/Apr 2,@ Washington/Apr 3,@ Washington/Apr 4,@ Washington/Apr 5,,vs Oakland/Apr 7,vs Oakland/Apr 8,vs Oakland/Apr 9,vs Boston/Apr 10,vs Boston/Apr 11,vs Boston/Apr 12,vs Boston/Apr 13,@ Toronto/Apr 14,@ Toronto/Apr 15,@ Toronto/Apr 16,@ Cincinnati/Apr 17,@ Cincinnati/Apr 18,@ Cincinnati/Apr 19,,vs Chi. White Sox/Apr 21,vs Chi. White Sox/Apr 22,vs Chi. White Sox/Apr 23,vs Houston/Apr 24,vs Houston/Apr 25,vs Houston/Apr 26,@ Chi. White Sox/Apr 27,@ Chi. White Sox/Apr 28,@ Chi. White Sox/Apr 29,@ Chi. White Sox/Apr 30,,vs Pittsburgh/May 2,vs Pittsburgh/May 3,vs Pittsburgh/May 4,vs N.Y. Yankees/May 5,vs N.Y. Yankees/May 6,vs N.Y. Yankees/May 7,@ Baltimore/May 8,@ Baltimore/May 9,@ Baltimore/May 10,@ N.Y. Yankees/May 11,@ N.Y. Yankees/May 12,@ N.Y. Yankees/May 13,@ N.Y. Yankees/May 14,,@ N.Y. Mets/May 16,@ N.Y. Mets/May 17,@ N.Y. Mets/May 18,vs Milwaukee/May 19,vs Milwaukee/May 20,vs Milwaukee/May 21,vs Toronto/May 22,vs Toronto/May 23,vs Toronto/May 24,vs Toronto/May 25,vs L.A. Dodgers/May 26,vs L.A. Dodgers/May 27,vs L.A. Dodgers/May 28,@ Chi. Cubs/May 29,@ Chi. Cubs/May 30,@ Chi. Cubs/May 31,,@ Boston/Jun 2,at Boston/Jun 3 (DH),@ Boston/Jun 4,,vs Minnesota/Jun 6,vs Minnesota/Jun 7,vs Minnesota/Jun 8,vs Texas/Jun 9,vs Texas/Jun 10,vs Texas/Jun 11,@ Oakland/Jun 12,@ Oakland/Jun 13,@ Oakland/Jun 14,@ Oakland/Jun 15,@ San Diego/Jun 16,@ San Diego/Jun 17,@ San Diego/Jun 18,,vs Baltimore/Jun 20,vs Baltimore/Jun 21,vs Kansas City/Jun 22,vs Kansas City/Jun 23,vs Kansas City/Jun 24,vs Kansas City/Jun 25,,@ Arizona/Jun 27,@ Arizona/Jun 28,@ Arizona/Jun 29,@ Seattle/Jun 30,@ Seattle/Jul 1,@ Seattle/Jul 2,,vs Philadelphia/Jul 4,vs Philadelphia/Jul 5,vs Philadelphia/Jul 6,vs Atlanta/Jul 7,vs Atlanta/Jul 8,vs Atlanta/Jul 9,@ Kansas City/Jul 14,@ Kansas City/Jul 15,@ Kansas City/Jul 16,@ Texas/Jul 17,@ Texas/Jul 18,@ Texas/Jul 19,vs Baltimore/Jul 20,vs Baltimore/Jul 21,vs Baltimore/Jul 22,vs Baltimore/Jul 23,,vs Miami/Jul 25,vs Miami/Jul 26,,@ Houston/Jul 28,@ Houston/Jul 29,@ Houston/Jul 30,@ N.Y. Yankees/Jul 31,@ N.Y. Yankees/Aug 1,@ N.Y. Yankees/Aug 2,,@ Detroit/Aug 4,@ Detroit/Aug 5,@ Detroit/Aug 6,,vs St. Louis/Aug 8,vs St. Louis/Aug 9,vs St. Louis/Aug 10,vs Cleveland/Aug 11,vs Cleveland/Aug 12,vs Cleveland/Aug 13,@ San Francisco/Aug 14,@ San Francisco/Aug 15,@ San Francisco/Aug 16,,@ L.A. Angels/Aug 18,@ L.A. Angels/Aug 19,@ L.A. Angels/Aug 20,vs Colorado/Aug 22,vs Colorado/Aug 23,vs Colorado/Aug 24,vs N.Y. Yankees/Aug 25,vs N.Y. Yankees/Aug 26,vs N.Y. Yankees/Aug 27,@ Miami/Aug 29,@ Miami/Aug 30,@ Cleveland/Sep 1,@ Cleveland/Sep 2,@ Cleveland/Sep 3,vs Boston/Sep 4,vs Boston/Sep 5,vs Boston/Sep 6,vs Seattle/Sep 7,vs Seattle/Sep 8,vs Seattle/Sep 9,vs Seattle/Sep 10,@ Minnesota/Sep 11,@ Minnesota/Sep 12,@ Minnesota/Sep 13,@ Baltimore/Sep 14,@ Baltimore/Sep 15,@ Baltimore/Sep 16,@ Baltimore/Sep 17,vs L.A. Angels/Sep 19,vs L.A. Angels/Sep 20,vs L.A. Angels/Sep 21,vs Toronto/Sep 22,vs Toronto/Sep 23,vs Toronto/Sep 24,@ Boston/Sep 26,@ Boston/Sep 27,@ Toronto/Sep 29,@ Toronto/Sep 30,@ Toronto/Oct 1,,,
TEX,,,,,,,,,,,,,,,,,,,,,,,,,,,,,,,,,,,,,,,,,,,,,,,,,,,,,,,,,,,,,,,,,,,,,,,,,,,,,,,,,,,,,,,,,,,,,,,,,,,,,,,,,,,,,,,,,,,,,,,,,,,,,,,,,,,,,,,,,,,,,,,,,,,,,,,,,,,,,,,,,,,,,,,,,,,,,,,,,,,
TEX,vs Philadelphia/Mar 30,,vs Philadelphia/Apr 1,vs Philadelphia/Apr 2,vs Baltimore/Apr 3,vs Baltimore/Apr 4,vs Baltimore/Apr 5,,@ Chi. Cubs/Apr 7,@ Chi. Cubs/Apr 8,@ Chi. Cubs/Apr 9,vs Kansas City/Apr 10,vs Kansas City/Apr 11,vs Kansas City/Apr 12,,@ Houston/Apr 14,@ Houston/Apr 15,@ Houston/Apr 16,@ Kansas City/Apr 17,@ Kansas City/Apr 18,@ Kansas City/Apr 19,,vs Oakland/Apr 21,vs Oakland/Apr 22,vs Oakland/Apr 23,@ Cincinnati/Apr 24,@ Cincinnati/Apr 25,@ Cincinnati/Apr 26,vs N.Y. Yankees/Apr 27,vs N.Y. Yankees/Apr 28,vs N.Y. Yankees/Apr 29,vs N.Y. Yankees/Apr 30,,vs Arizona/May 2,vs Arizona/May 3,,@ L.A. Angels/May 5,@ L.A. Angels/May 6,@ L.A. Angels/May 7,@ Seattle/May 8,@ Seattle/May 9,@ Seattle/May 10,@ Oakland/May 11,@ Oakland/May 12,@ Oakland/May 13,@ Oakland/May 14,vs Atlanta/May 15,vs Atlanta/May 16,vs Atlanta/May 17,,vs Colorado/May 19,vs Colorado/May 20,vs Colorado/May 21,@ Pittsburgh/May 22,@ Pittsburgh/May 23,@ Pittsburgh/May 24,,@ Baltimore/May 26,@ Baltimore/May 27,@ Baltimore/May 28,@ Detroit/May 29,@ Detroit/May 30,@ Detroit/May 31,,vs Seattle/Jun 2,vs Seattle/Jun 3,vs Seattle/Jun 4,vs St. Louis/Jun 5,vs St. Louis/Jun 6,vs St. Louis/Jun 7,,@ Tampa Bay/Jun 9,@ Tampa Bay/Jun 10,@ Tampa Bay/Jun 11,vs L.A. Angels/Jun 12,vs L.A. Angels/Jun 13,vs L.A. Angels/Jun 14,vs L.A. Angels/Jun 15,vs Toronto/Jun 16,vs Toronto/Jun 17,vs Toronto/Jun 18,@ Chi. White Sox/Jun 19,@ Chi. White Sox/Jun 20,@ Chi. White Sox/Jun 21,,@ N.Y. Yankees/Jun 23,@ N.Y. Yankees/Jun 24,@ N.Y. Yankees/Jun 25,vs Detroit/Jun 26,vs Detroit/Jun 27,vs Detroit/Jun 28,vs Detroit/Jun 29,vs Houston/Jun 30,vs Houston/Jul 1,vs Houston/Jul 2,vs Houston/Jul 3,@ Boston/Jul 4,@ Boston/Jul 5,@ Boston/Jul 6,@ Washington/Jul 7,@ Washington/Jul 8,@ Washington/Jul 9,vs Cleveland/Jul 14,vs Cleveland/Jul 15,vs Cleveland/Jul 16,vs Tampa Bay/Jul 17,vs Tampa Bay/Jul 18,vs Tampa Bay/Jul 19,,vs L.A. Dodgers/Jul 21,vs L.A. Dodgers/Jul 22,vs L.A. Dodgers/Jul 23,@ Houston/Jul 24,@ Houston/Jul 25,@ Houston/Jul 26,,@ San Diego/Jul 28,@ San Diego/Jul 29,@ San Diego/Jul 30,,vs Chi. White Sox/Aug 1,vs Chi. White Sox/Aug 2,vs Chi. White Sox/Aug 3,vs Miami/Aug 4,vs Miami/Aug 5,vs Miami/Aug 6,@ Oakland/Aug 7,@ Oakland/Aug 8,@ Oakland/Aug 9,,@ San Francisco/Aug 11,@ San Francisco/Aug 12,@ San Francisco/Aug 13,vs L.A. Angels/Aug 14,vs L.A. Angels/Aug 15,vs L.A. Angels/Aug 16,,vs Milwaukee/Aug 18,vs Milwaukee/Aug 19,vs Milwaukee/Aug 20,@ Arizona/Aug 21,@ Arizona/Aug 22,@ Minnesota/Aug 24,@ Minnesota/Aug 25,@ Minnesota/Aug 26,@ Minnesota/Aug 27,@ N.Y. Mets/Aug 28,@ N.Y. Mets/Aug 29,@ N.Y. Mets/Aug 30,vs Minnesota/Sep 1,vs Minnesota/Sep 2,vs Minnesota/Sep 3,vs Houston/Sep 4,vs Houston/Sep 5,vs Houston/Sep 6,vs Oakland/Sep 8,vs Oakland/Sep 9,vs Oakland/Sep 10,@ Toronto/Sep 11,@ Toronto/Sep 12,@ Toronto/Sep 13,@ Toronto/Sep 14,@ Cleveland/Sep 15,@ Cleveland/Sep 16,@ Cleveland/Sep 17,vs Boston/Sep 18,vs Boston/Sep 19,vs Boston/Sep 20,vs Seattle/Sep 22,vs Seattle/Sep 23,vs Seattle/Sep 24,@ L.A. Angels/Sep 25,@ L.A. Angels/Sep 26,@ L.A. Angels/Sep 27,@ Seattle/Sep 28,@ Seattle/Sep 29,@ Seattle/Sep 30,@ Seattle/Oct 1,
TOR,,,,,,,,,,,,,,,,,,,,,,,,,,,,,,,,,,,,,,,,,,,,,,,,,,,,,,,,,,,,,,,,,,,,,,,,,,,,,,,,,,,,,,,,,,,,,,,,,,,,,,,,,,,,,,,,,,,,,,,,,,,,,,,,,,,,,,,,,,,,,,,,,,,,,,,,,,,,,,,,,,,,,,,,,,,,,,,,,,,
TOR,@ St. Louis/Mar 30,,@ St. Louis/Apr 1,@ St. Louis/Apr 2,@ Kansas City/Apr 3,@ Kansas City/Apr 4,@ Kansas City/Apr 5,@ Kansas City/Apr 6,@ L.A. Angels/Apr 7,@ L.A. Angels/Apr 8,@ L.A. Angels/Apr 9,vs Detroit/Apr 11,vs Detroit/Apr 12,vs Detroit/Apr 13,,vs Tampa Bay/Apr 14,vs Tampa Bay/Apr 15,vs Tampa Bay/Apr 16,@ Houston/Apr 17,@ Houston/Apr 18,@ Houston/Apr 19,,@ N.Y. Yankees/Apr 21,@ N.Y. Yankees/Apr 22,@ N.Y. Yankees/Apr 23,vs Chi. White Sox/Apr 24,vs Chi. White Sox/Apr 25,vs Chi. White Sox/Apr 26,,vs Seattle/Apr 28,vs Seattle/Apr 29,vs Seattle/Apr 30,@ Boston/May 1,@ Boston/May 2,@ Boston/May 3,@ Boston/May 4,@ Pittsburgh/May 5,@ Pittsburgh/May 6,@ Pittsburgh/May 7,,@ Philadelphia/May 9,@ Philadelphia/May 10,,vs Atlanta/May 12,vs Atlanta/May 13,vs Atlanta/May 14,vs N.Y. Yankees/May 15,vs N.Y. Yankees/May 16,vs N.Y. Yankees/May 17,vs N.Y. Yankees/May 18,vs Baltimore/May 19,vs Baltimore/May 20,vs Baltimore/May 21,@ Tampa Bay/May 22,@ Tampa Bay/May 23,@ Tampa Bay/May 24,@ Tampa Bay/May 25,@ Minnesota/May 26,@ Minnesota/May 27,@ Minnesota/May 28,,vs Milwaukee/May 30,vs Milwaukee/May 31,vs Milwaukee/Jun 1,@ N.Y. Mets/Jun 2,@ N.Y. Mets/Jun 3,@ N.Y. Mets/Jun 4,vs Houston/Jun 5,vs Houston/Jun 6,vs Houston/Jun 7,vs Houston/Jun 8,vs Minnesota/Jun 9,vs Minnesota/Jun 10,vs Minnesota/Jun 11,,@ Baltimore/Jun 13,@ Baltimore/Jun 14,@ Baltimore/Jun 15,@ Texas/Jun 16,@ Texas/Jun 17,@ Texas/Jun 18,@ Miami/Jun 19,@ Miami/Jun 20,@ Miami/Jun 21,,vs Oakland/Jun 23,vs Oakland/Jun 24,vs Oakland/Jun 25,,vs San Francisco/Jun 27,vs San Francisco/Jun 28,vs San Francisco/Jun 29,vs Boston/Jun 30,vs Boston/Jul 1,vs Boston/Jul 2,,@ Chi. White Sox/Jul 4,@ Chi. White Sox/Jul 5,@ Chi. White Sox/Jul 6,@ Detroit/Jul 7,@ Detroit/Jul 8,@ Detroit/Jul 9,vs Arizona/Jul 14,vs Arizona/Jul 15,vs Arizona/Jul 16,,vs San Diego/Jul 18,vs San Diego/Jul 19,vs San Diego/Jul 20,@ Seattle/Jul 21,@ Seattle/Jul 22,@ Seattle/Jul 23,@ L.A. Dodgers/Jul 24,@ L.A. Dodgers/Jul 25,@ L.A. Dodgers/Jul 26,,vs L.A. Angels/Jul 28,vs L.A. Angels/Jul 29,vs L.A. Angels/Jul 30,vs Baltimore/Jul 31,vs Baltimore/Aug 1,vs Baltimore/Aug 2,vs Baltimore/Aug 3,@ Boston/Aug 4,@ Boston/Aug 5,@ Boston/Aug 6,@ Cleveland/Aug 7,@ Cleveland/Aug 8,@ Cleveland/Aug 9,@ Cleveland/Aug 10,vs Chi. Cubs/Aug 11,vs Chi. Cubs/Aug 12,vs Chi. Cubs/Aug 13,,vs Philadelphia/Aug 15,vs Philadelphia/Aug 16,,@ Cincinnati/Aug 18,@ Cincinnati/Aug 19,@ Cincinnati/Aug 20,@ Baltimore/Aug 22,@ Baltimore/Aug 23,@ Baltimore/Aug 24,vs Cleveland/Aug 25,vs Cleveland/Aug 26,vs Cleveland/Aug 27,vs Washington/Aug 28,vs Washington/Aug 29,vs Washington/Aug 30,@ Colorado/Sep 1,@ Colorado/Sep 2,@ Colorado/Sep 3,@ Oakland/Sep 4,@ Oakland/Sep 5,@ Oakland/Sep 6,vs Kansas City/Sep 8,vs Kansas City/Sep 9,vs Kansas City/Sep 10,vs Texas/Sep 11,vs Texas/Sep 12,vs Texas/Sep 13,vs Texas/Sep 14,vs Boston/Sep 15,vs Boston/Sep 16,vs Boston/Sep 17,@ N.Y. Yankees/Sep 19,@ N.Y. Yankees/Sep 20,@ N.Y. Yankees/Sep 21,@ Tampa Bay/Sep 22,@ Tampa Bay/Sep 23,@ Tampa Bay/Sep 24,vs N.Y. Yankees/Sep 26,vs N.Y. Yankees/Sep 27,vs N.Y. Yankees/Sep 28,vs Tampa Bay/Sep 29,vs Tampa Bay/Sep 30,vs Tampa Bay/Oct 1,,
WAS,,,,,,,,,,,,,,,,,,,,,,,,,,,,,,,,,,,,,,,,,,,,,,,,,,,,,,,,,,,,,,,,,,,,,,,,,,,,,,,,,,,,,,,,,,,,,,,,,,,,,,,,,,,,,,,,,,,,,,,,,,,,,,,,,,,,,,,,,,,,,,,,,,,,,,,,,,,,,,,,,,,,,,,,,,,,,,,,,,,
WAS,vs Atlanta/Mar 30,,vs Atlanta/Apr 1,vs Atlanta/Apr 2,vs Tampa Bay/Apr 3,vs Tampa Bay/Apr 4,vs Tampa Bay/Apr 5,@ Colorado/Apr 6,@ Colorado/Apr 7,@ Colorado/Apr 8,@ Colorado/Apr 9,@ L.A. Angels/Apr 10,@ L.A. Angels/Apr 11,@ L.A. Angels/Apr 12,,vs Cleveland/Apr 14,vs Cleveland/Apr 15,vs Cleveland/Apr 16,,vs Baltimore/Apr 18,vs Baltimore/Apr 19,,@ Minnesota/Apr 21,@ Minnesota/Apr 22,@ Minnesota/Apr 23,,@ N.Y. Mets/Apr 25,@ N.Y. Mets/Apr 26,@ N.Y. Mets/Apr 27,vs Pittsburgh/Apr 28,vs Pittsburgh/Apr 29,vs Pittsburgh/Apr 30,vs Chi. Cubs/May 1,vs Chi. Cubs/May 2,vs Chi. Cubs/May 3,vs Chi. Cubs/May 4,@ Arizona/May 5,@ Arizona/May 6,@ Arizona/May 7,@ San Francisco/May 8,@ San Francisco/May 9,@ San Francisco/May 10,,vs N.Y. Mets/May 12,vs N.Y. Mets/May 13,vs N.Y. Mets/May 14,vs N.Y. Mets/May 15,@ Miami/May 16,@ Miami/May 17,@ Miami/May 18,vs Detroit/May 19,vs Detroit/May 20,vs Detroit/May 21,,vs San Diego/May 23,vs San Diego/May 24,vs San Diego/May 25,@ Kansas City/May 26,@ Kansas City/May 27,@ Kansas City/May 28,@ L.A. Dodgers/May 29,@ L.A. Dodgers/May 30,@ L.A. Dodgers/May 31,,vs Philadelphia/Jun 2,vs Philadelphia/Jun 3,vs Philadelphia/Jun 4,,vs Arizona/Jun 6,vs Arizona/Jun 7,vs Arizona/Jun 8,@ Atlanta/Jun 9,@ Atlanta/Jun 10,@ Atlanta/Jun 11,,@ Houston/Jun 13,@ Houston/Jun 14,@ Houston/Jun 15,vs Miami/Jun 16,vs Miami/Jun 17,vs Miami/Jun 18,vs St. Louis/Jun 19,vs St. Louis/Jun 20,vs St. Louis/Jun 21,,@ San Diego/Jun 23,@ San Diego/Jun 24,@ San Diego/Jun 25,@ Seattle/Jun 26,@ Seattle/Jun 27,@ Seattle/Jun 28,,@ Philadelphia/Jun 30,@ Philadelphia/Jul 1,@ Philadelphia/Jul 2,vs Cincinnati/Jul 3,vs Cincinnati/Jul 4,vs Cincinnati/Jul 5,vs Cincinnati/Jul 6,vs Texas/Jul 7,vs Texas/Jul 8,vs Texas/Jul 9,@ St. Louis/Jul 14,@ St. Louis/Jul 15,@ St. Louis/Jul 16,@ Chi. Cubs/Jul 17,@ Chi. Cubs/Jul 18,@ Chi. Cubs/Jul 19,,vs San Francisco/Jul 21,vs San Francisco/Jul 22,vs San Francisco/Jul 23,vs Colorado/Jul 24,vs Colorado/Jul 25,vs Colorado/Jul 26,@ N.Y. Mets/Jul 27,@ N.Y. Mets/Jul 28,@ N.Y. Mets/Jul 29,@ N.Y. Mets/Jul 30,vs Milwaukee/Jul 31,vs Milwaukee/Aug 1,vs Milwaukee/Aug 2,,@ Cincinnati/Aug 4,@ Cincinnati/Aug 5,@ Cincinnati/Aug 6,@ Philadelphia/Aug 7,@ Philadelphia/Aug 8,@ Philadelphia/Aug 9,@ Philadelphia/Aug 10,vs Oakland/Aug 11,vs Oakland/Aug 12,vs Oakland/Aug 13,,vs Boston/Aug 15,vs Boston/Aug 16,vs Boston/Aug 17,vs Philadelphia/Aug 18,vs Philadelphia/Aug 19,vs Philadelphia/Aug 20,@ N.Y. Yankees/Aug 22,@ N.Y. Yankees/Aug 23,@ N.Y. Yankees/Aug 24,@ Miami/Aug 25,@ Miami/Aug 26,@ Miami/Aug 27,@ Toronto/Aug 28,@ Toronto/Aug 29,@ Toronto/Aug 30,vs Miami/Aug 31,vs Miami/Sep 1,vs Miami/Sep 2,vs Miami/Sep 3,vs N.Y. Mets/Sep 5,vs N.Y. Mets/Sep 6,vs L.A. Dodgers/Sep 8,vs L.A. Dodgers/Sep 9,vs L.A. Dodgers/Sep 10,@ Pittsburgh/Sep 11,@ Pittsburgh/Sep 12,@ Pittsburgh/Sep 13,@ Pittsburgh/Sep 14,@ Milwaukee/Sep 15,@ Milwaukee/Sep 16,@ Milwaukee/Sep 17,vs Chi. White Sox/Sep 18,vs Chi. White Sox/Sep 19,vs Chi. White Sox/Sep 20,vs Atlanta/Sep 21,vs Atlanta/Sep 22,vs Atlanta/Sep 23,vs Atlanta/Sep 24,@ Baltimore/Sep 26,@ Baltimore/Sep 27,@ Atlanta/Sep 29,@ Atlanta/Sep 30,@ Atlanta/Oct 1,,